id	mittente	destinatario	luogo_mittente
1	Manzoni, Alessandro	Pagani, Giovan Battista	Milano
2	Manzoni, Alessandro	Monti, Vincenzo	Lecco
3	Manzoni, Alessandro	Mustoxidi, Andrea	Venezia
4	Manzoni, Alessandro	Monti, Vincenzo	Venezia
5	Manzoni, Alessandro	Pagani, Giovan Battista	Venezia
6	Manzoni, Alessandro	Crotti, Giuseppe	Cremona
7	Manzoni, Alessandro	Monti, Vincenzo	Lecco
8	Manzoni, Alessandro	Pagani, Giovan Battista	Milano
9	Manzoni, Alessandro	Mustoxidi, Andrea	Milano
11	Manzoni, Alessandro	Fauriel, Claude	Parigi
12	Manzoni, Alessandro	Pagani, Giovan Battista	Parigi
13	Manzoni, Alessandro	Pagani, Giovan Battista	Parigi
14	Manzoni, Alessandro	Pagani, Giovan Battista	Parigi
16	Manzoni, Alessandro	Arese Lucini, Luigi	Parigi
17	Manzoni, Alessandro	Calderari, Ignazio	Parigi
18	Manzoni, Alessandro	Pagani, Giovan Battista	Parigi
19	Manzoni, Alessandro	Calderari, Ignazio	Parigi
20	Manzoni, Alessandro	Fauriel, Claude	Suze
22	Manzoni, Alessandro	Pagani, Giovan Battista	Brusuglio
25	Manzoni, Alessandro	Fauriel, Claude	Torino
26	Manzoni, Alessandro	Fauriel, Claude	Torino
27	Manzoni, Alessandro	Fauriel, Claude	Parigi
28	Manzoni, Alessandro	Fauriel, Claude	Parigi
29	Manzoni, Alessandro	Pagani, Giovan Battista	Parigi
30	Manzoni, Alessandro	Fauriel, Claude	Parigi
31	Manzoni, Alessandro	Fauriel, Claude	Parigi
32	Manzoni, Alessandro	Bossi, Giuseppe	Parigi
33	Manzoni, Alessandro	Monti, Vincenzo	Parigi
34	Manzoni, Alessandro	Calderari, Ignazio	Parigi
35	Manzoni, Alessandro	Fauriel, Claude	Parigi
36	Manzoni, Alessandro	Fauriel, Claude	Parigi
37	Manzoni, Alessandro	Fauriel, Claude	Suze
39	Manzoni, Alessandro	Fauriel, Claude	Brusuglio
40	Manzoni, Alessandro	Fauriel, Claude	Milano
41	Manzoni, Alessandro	Fauriel, Claude	Milano
42	Manzoni, Alessandro	Fauriel, Claude	Belvedere sur le lac Como
43	Manzoni, Alessandro	Fauriel, Claude	Milano
44	Manzoni, Alessandro	Fauriel, Claude	Milano
45	Manzoni, Alessandro	Pagani, Giovan Battista	Parigi
46	Manzoni, Alessandro	Fauriel, Claude	Parigi
47	Manzoni, Alessandro	Fauriel, Claude	Parigi
48	Manzoni, Alessandro	Blondel, Charles François	Parigi
49	Manzoni, Alessandro	Fauriel, Claude	Parigi
50	Manzoni, Alessandro	Fauriel, Claude	Parigi
51	Manzoni, Alessandro	Fauriel, Claude	Parigi
52	Manzoni, Alessandro	Fauriel, Claude	Parigi
53	Manzoni, Alessandro	Fauriel, Claude	Parigi
54	Manzoni, Alessandro	Monti, Vincenzo	Parigi
55	Manzoni, Alessandro	Fauriel, Claude	Parigi
56	Manzoni, Alessandro	Fauriel, Claude	Parigi
57	Manzoni, Alessandro	Fauriel, Claude	Parigi
58	Manzoni, Alessandro	Mustoxidi, Andrea	Meulan
59	Manzoni, Alessandro	Fauriel, Claude	Parigi
60	Manzoni, Alessandro	Mustoxidi, Andrea	Meulan
61	Manzoni, Alessandro	Monti, Vincenzo	Meulan
62	Manzoni, Alessandro	Reina, Francesco	Meulan
63	Manzoni, Alessandro	Fauriel, Claude	Parigi
64	Manzoni, Alessandro	Fauriel, Claude	Parigi
65	Manzoni, Alessandro	Fauriel, Claude	Parigi
66	Manzoni, Alessandro	Fauriel, Claude	Parigi
68	Manzoni, Alessandro	Fauriel, Claude	Parigi
69	Manzoni, Alessandro	Fauriel, Claude	Parigi
70	Manzoni, Alessandro	Fauriel, Claude	Lyon
71	Manzoni, Alessandro	Giudici, Gaetano	Torino
72	Manzoni, Alessandro	Monti, Vincenzo	Brusuglio
73	Manzoni, Alessandro	Fauriel, Claude	Brusuglio
74	Manzoni, Alessandro	Degola, Eustachio	Brusuglio
75	Manzoni, Alessandro	Tosi, Luigi	Brusuglio
76	Manzoni, Alessandro	Fauriel, Claude	Brusuglio
77	Manzoni, Alessandro	Pio VII, papa	Milano
78	Manzoni, Alessandro	Fauriel, Claude	Milano
79	Manzoni, Alessandro	Fauriel, Claude	Milano
80	Manzoni, Alessandro	Fauriel, Claude	Milano
82	Manzoni, Alessandro	Tosi, Luigi	
84	Manzoni, Alessandro	Fauriel, Claude	Brusuglio
85	Manzoni, Alessandro	Degola, Eustachio	Brusuglio
86	Manzoni, Alessandro	Bossi, Giuseppe	
88	Manzoni, Alessandro	Fauriel, Claude	Milano
89	Manzoni, Alessandro	Castillia, Carlo de	Milano
90	Manzoni, Alessandro	Fauriel, Claude	Brusuglio
91	Manzoni, Alessandro	Guicciardi, Nicola	Milano
92	Manzoni, Alessandro	Mustoxidi, Andrea	Milano
93	Manzoni, Alessandro	Bonanomi, Carlo	Milano
94	Manzoni, Alessandro	Sala, Girolamo	
95	Manzoni, Alessandro	Tosi, Luigi	
96	Manzoni, Alessandro	Blondel, Jean	
97	Manzoni, Alessandro	Fauriel, Claude	Milano
98	Manzoni, Alessandro	Fauriel, Claude	Milano
99	Manzoni, Alessandro	Turati, Cesare	
100	Manzoni, Alessandro	Turati, Cesare	
101	Manzoni, Alessandro	Turati, Cesare	
102	Manzoni, Alessandro	Acerbi, Giuseppe	Milano
103	Manzoni, Alessandro	Tosi, Luigi	Brusuglio
104	Manzoni, Alessandro	Tosi, Luigi	Brusuglio
105	Manzoni, Alessandro	Turati, Cesare	Brusuglio
106	Manzoni, Alessandro	Turati, Cesare	Brusuglio
107	Manzoni, Alessandro	Turati, Cesare	Brusuglio
108	Manzoni, Alessandro	Turati, Cesare	Brusuglio
109	Manzoni, Alessandro	Mazzoleni, Carlo	Milano
110	Manzoni, Alessandro	Fauriel, Claude	Milano
111	Manzoni, Alessandro	Fauriel, Claude	Milano
112	Manzoni, Alessandro	Fauriel, Claude	Brusuglio
113	Manzoni, Alessandro	Tosi, Luigi	Milano
114	Manzoni, Alessandro	Fauriel, Claude	Milano
115	Manzoni, Alessandro	Fauriel, Claude	Milano
116	Manzoni, Alessandro	Bovara, Giuseppe	Milano
117	Manzoni, Alessandro	Turati, Cesare	
118	Manzoni, Alessandro	Fauriel, Claude	Milano
119	Manzoni, Alessandro	Fauriel, Claude	Brusuglio
120	Manzoni, Alessandro	Fauriel, Claude	Milano
121	Manzoni, Alessandro	Ticozzi, Francesco	Milano
122	Manzoni, Alessandro	Blondel, Henri	Brusuglio
125	Manzoni, Alessandro	Beccaria, Giulio	Parigi
126	Manzoni, Alessandro	Tosi, Luigi	Parigi
127	Manzoni, Alessandro	Beccaria, Giulio	Parigi
128	Manzoni, Alessandro	Giudici, Gaetano	Parigi
129	Manzoni, Alessandro	Beccaria, Giulio	Parigi
130	Manzoni, Alessandro	Maderna, Leopoldo	Parigi
131	Manzoni, Alessandro	Visconti d'Aragona, Alessandro	Parigi
132	Manzoni, Alessandro	Grossi, Tommaso	Parigi
133	Manzoni, Alessandro	Tosi, Luigi	Parigi
134	Manzoni, Alessandro	Beccaria, Giulio	Parigi
135	Manzoni, Alessandro	Fauriel, Claude	Parigi
136	Manzoni, Alessandro	Cattaneo, Gaetano	Milano
137	Manzoni, Alessandro	Fauriel, Claude	Milano
138	Manzoni, Alessandro	Paroletti, Luigi	Milano
139	Manzoni, Alessandro	Cattaneo, Gaetano	Milano
140	Manzoni, Alessandro	Cattaneo, Gaetano	Milano
141	Manzoni, Alessandro	Cattaneo, Gaetano	Milano
142	Manzoni, Alessandro	Cattaneo, Gaetano	Milano
143	Manzoni, Alessandro	Goethe, Johann Wolfgang von	Milano
144	Manzoni, Alessandro	Fauriel, Claude	Milano
145	Manzoni, Alessandro	Cousin, Victor	Milano
146	Manzoni, Alessandro	Fauriel, Claude	Milano
147	Manzoni, Alessandro	Cattaneo, Gaetano	Milano
148	Manzoni, Alessandro	Cattaneo, Gaetano	Milano
149	Manzoni, Alessandro	Fauriel, Claude	Brusuglio
150	Manzoni, Alessandro	Cattaneo, Gaetano	Brusuglio
151	Manzoni, Alessandro	Visconti d'Aragona, Alessandro	Milano
152	Manzoni, Alessandro	Pagani, Giovan Battista	Milano
153	Manzoni, Alessandro	Fauriel, Claude	Milano
154	Manzoni, Alessandro	Pagani, Giovan Battista	Milano
156	Manzoni, Alessandro	Cattaneo, Gaetano	Brusuglio
157	Manzoni, Alessandro	Cattaneo, Gaetano	Milano
158	Manzoni, Alessandro	Fauriel, Claude	Milano
159	Manzoni, Alessandro	Cattaneo, Gaetano	Milano
160	Manzoni, Alessandro	Fauriel, Claude	Milano
161	Manzoni, Alessandro	Fauriel, Claude	Milano
163	Manzoni, Alessandro	Soletti, Pietro	Milano
164	Manzoni, Alessandro	Grossi, Tommaso	Milano
165	Manzoni, Alessandro	Fauriel, Claude	Milano
166	Manzoni, Alessandro	Cattaneo, Gaetano	Milano
167	Manzoni, Alessandro	Grossi, Tommaso	Brusuglio
168	Manzoni, Alessandro	Cattaneo, Gaetano	Brusuglio
169	Manzoni, Alessandro	Cattaneo, Gaetano	Milano
170	Manzoni, Alessandro	Grossi, Tommaso	Brusuglio
171	Manzoni, Alessandro	Fauriel, Claude	Milano
172	Manzoni, Alessandro	Acerbi, Enrico	Milano
173	Manzoni, Alessandro	Cattaneo, Gaetano	Milano
174	Manzoni, Alessandro	Fauriel, Claude	Milano
175	Manzoni, Alessandro	Stella, Antonio Fortunato; Fusi, Francesco	Milano
176	Manzoni, Alessandro	Cattaneo, Gaetano	Milano
177	Manzoni, Alessandro	Blondel, Henri	Milano
178	Manzoni, Alessandro	Blondel, Henri	Milano
179	Manzoni, Alessandro	Maumary Zucchi, Bartolomeo	Milano
180	Manzoni, Alessandro	Del Bene, Benedetto	Milano
181	Manzoni, Alessandro	Mangili, Giuseppe	Milano
182	Manzoni, Alessandro	Accademia dei Sepolti	Milano
184	Manzoni, Alessandro	Fauriel, Claude	Milano
185	Manzoni, Alessandro	Gambarana, Giann'Arcangelo	Brusuglio
186	Manzoni, Alessandro	Pio VII, papa	Milano
187	Manzoni, Alessandro	Grossi, Tommaso	Brusuglio
188	Manzoni, Alessandro	Rossari, Luigi	Brusuglio
189	Manzoni, Alessandro	Fauriel, Claude	Brusuglio
190	Manzoni, Alessandro	Tosi, Luigi	Brusuglio
191	Manzoni, Alessandro	Azeglio, Cesare Taparelli d'	Brusuglio
192	Manzoni, Alessandro	Somis di Chiavrie, Giovanni Battista	Milano
193	Manzoni, Alessandro	Pellico, Luigi	Milano
194	Manzoni, Alessandro	Tosi, Luigi	Milano
195	Manzoni, Alessandro	Tosi, Luigi	Milano
197	Manzoni, Alessandro	Fauriel, Claude	Milano
198	Manzoni, Alessandro	Grossi, Tommaso	Brusuglio
199	Manzoni, Alessandro	Grossi, Tommaso	Brusuglio
200	Manzoni, Alessandro	Cattaneo, Gaetano	Milano
201	Manzoni, Alessandro	Grossi, Tommaso	Brusuglio
202	Manzoni, Alessandro	Zajotti, Paride	Brusuglio
203	Manzoni, Alessandro	Tosi, Luigi	Brusuglio
204	Manzoni, Alessandro	Saluzzo Roero, Diodata	Brusuglio
205	Manzoni, Alessandro	Grossi, Tommaso	Brusuglio
206	Manzoni, Alessandro	Grossi, Tommaso	Brusuglio
207	Manzoni, Alessandro	Grossi, Tommaso	Brusuglio
208	Manzoni, Alessandro	Gambarana, Giann'Arcangelo	Brusuglio
209	Manzoni, Alessandro	Cattaneo, Gaetano	Brusuglio
210	Manzoni, Alessandro	Ferrario, Vincenzo	Brusuglio
211	Manzoni, Alessandro	Grossi, Tommaso	Brusuglio
212	Manzoni, Alessandro	Rossari, Luigi	Brusuglio
213	Manzoni, Alessandro	Grossi, Tommaso	Brusuglio
214	Manzoni, Alessandro	Grossi, Tommaso	Brusuglio
215	Manzoni, Alessandro	Grossi, Tommaso	Brusuglio
216	Manzoni, Alessandro	Blondel, Henri	Milano
217	Manzoni, Alessandro	Tosi, Luigi	Milano
218	Manzoni, Alessandro	Degola, Eustachio	Milano
219	Manzoni, Alessandro	Parma, Michele	Brusuglio
220	Manzoni, Alessandro	Rossari, Luigi	Brusuglio
221	Manzoni, Alessandro	Blondel, Henri	Brusuglio
222	Manzoni, Alessandro	Tommaseo, Niccolò	Brusuglio
223	Manzoni, Alessandro	Grossi, Tommaso	Brusuglio
224	Manzoni, Alessandro	Tommaseo, Niccolò	Brusuglio
225	Manzoni, Alessandro	Tosi, Luigi	Milano
226	Manzoni, Alessandro	Tommaseo, Niccolò	Milano
229	Manzoni, Alessandro	Tommaseo, Niccolò	Milano
230	Manzoni, Alessandro	Tommaseo, Niccolò	Milano
231	Manzoni, Alessandro	Fauriel, Claude	Milano
232	Manzoni, Alessandro	Fauriel, Claude	Milano
233	Manzoni, Alessandro	Torri, Alessandro	Milano
234	Manzoni, Alessandro	Marchisio, Stanislao	Milano
235	Manzoni, Alessandro	Gambarana, Giann'Arcangelo	Milano
236	Manzoni, Alessandro	Tosi, Luigi	Milano
237	Manzoni, Alessandro	Visconti, Giuseppe	Milano
238	Manzoni, Alessandro	Frescobaldi, Lamberto	Milano
239	Manzoni, Alessandro	Grossi, Tommaso	Brusuglio
240	Manzoni, Alessandro	Tommaseo, Niccolò	Brusuglio
241	Manzoni, Alessandro	Rosmini, Antonio	Brusuglio
242	Manzoni, Alessandro	Rosmini, Antonio	Milano
243	Manzoni, Alessandro	Fauriel, Claude	Brusuglio
244	Manzoni, Alessandro	Rossari, Luigi	Brusuglio
245	Manzoni, Alessandro	Grossi, Tommaso	Brusuglio
246	Manzoni, Alessandro	Rossari, Luigi	Brusuglio
247	Manzoni, Alessandro	Torri, Alessandro	Milano
248	Manzoni, Alessandro	Grossi, Tommaso	Brusuglio
249	Manzoni, Alessandro	Grossi, Tommaso	Brusuglio
250	Manzoni, Alessandro	Fauriel, Claude	Milano
251	Manzoni, Alessandro	Monti, Vincenzo	Milano
252	Manzoni, Alessandro	Tommaseo, Niccolò	Milano
253	Manzoni, Alessandro	Viviani, Quirico	Milano
254	Manzoni, Alessandro	Saluzzo Roero, Diodata	Milano
255	Manzoni, Alessandro	Saluzzo Roero, Diodata	Milano
256	Manzoni, Alessandro	Fauriel, Claude	Milano
257	Manzoni, Alessandro	Monti, Vincenzo	Milano
258	Manzoni, Alessandro	De Filippi, Giuseppe	Milano
259	Manzoni, Alessandro	Fusi, Francesco	Milano
260	Manzoni, Alessandro	Frescobaldi, Lamberto	Milano
261	Manzoni, Alessandro	Grossi, Tommaso	Genova
262	Manzoni, Alessandro	Rossari, Luigi	Genova
263	Manzoni, Alessandro	Grossi, Tommaso	Livorno
264	Manzoni, Alessandro	Padelletti, Pier Francesco	Firenze
265	Manzoni, Alessandro	Grossi, Tommaso	Firenze
266	Manzoni, Alessandro	Cattaneo, Gaetano	Firenze
267	Manzoni, Alessandro	Cioni, Gaetano	Milano
268	Manzoni, Alessandro	Monti, Vincenzo	Milano
269	Manzoni, Alessandro	Cioni, Gaetano	Milano
270	Manzoni, Alessandro	Borghi, Giuseppe	Milano
271	Manzoni, Alessandro	Saluzzo Roero, Diodata	Milano
272	Manzoni, Alessandro	Saluzzo Roero, Diodata	Milano
273	Manzoni, Alessandro	Cesari, Antonio	Milano
274	Manzoni, Alessandro	Guicciardi, Luigi	Milano
275	Manzoni, Alessandro	Lamartine, Alphonse Marie Louis de	Milano
276	Manzoni, Alessandro	Cesari, Antonio	
277	Manzoni, Alessandro	Zajotti, Paride	Milano
278	Manzoni, Alessandro	Zuccagni Orlandini, Attilio	Milano
279	Manzoni, Alessandro	Saluzzo Roero, Diodata	Milano
280	Manzoni, Alessandro	Zannoni, Giovanni Battista	Milano
281	Manzoni, Alessandro	Manera, Francesco	Milano
282	Manzoni, Alessandro	Swan, Charles	Milano
283	Manzoni, Alessandro	Rossetti, Cesare	Milano
284	Manzoni, Alessandro	Cesari, Antonio	Milano
285	Manzoni, Alessandro	Bottelli, Giuseppe	Milano
286	Manzoni, Alessandro	Fauriel, Claude	Milano
287	Manzoni, Alessandro	Gera, Francesco Agostino	Milano
288	Manzoni, Alessandro	Della Nave, Antonio	Milano
289	Manzoni, Alessandro	Valdrighi, Mario	Milano
290	Manzoni, Alessandro	Fabris, Antonio	Milano
291	Manzoni, Alessandro	Gambarana, Giann'Arcangelo	Brusuglio
292	Manzoni, Alessandro	Cantù, Cesare	Brusuglio
293	Manzoni, Alessandro	Borghi, Giuseppe	Brusuglio
294	Manzoni, Alessandro	Soletti, Pietro	Brusuglio
295	Manzoni, Alessandro	Scolari, Filippo	Brusuglio
296	Manzoni, Alessandro	Cousin, Victor	Brusuglio
297	Manzoni, Alessandro	Pistolesi, Francesco	Brusuglio
298	Manzoni, Alessandro	Cicognara, Leopoldo	Brusuglio
299	Manzoni, Alessandro	Cesari, Antonio	Brusuglio
300	Manzoni, Alessandro	Tommaseo, Niccolò	Brusuglio
301	Manzoni, Alessandro	Saussure Necker, Albertine de	Milano
302	Manzoni, Alessandro	Leopoldo II	Milano
303	Manzoni, Alessandro	Borromeo, Vitaliano	Milano
304	Manzoni, Alessandro	Cioni, Gaetano	Milano
305	Manzoni, Alessandro	Gosselin, Pierre Joseph	Milano
306	Manzoni, Alessandro	Cousin, Victor	Milano
307	Manzoni, Alessandro	Cassi, Francesco	Milano
308	Manzoni, Alessandro	Guicciardini, Francesco	Milano
309	Manzoni, Alessandro	Borghi, Giuseppe	Milano
310	Manzoni, Alessandro	Borghi, Giuseppe	Milano
311	Manzoni, Alessandro	Cattaneo, Gaetano	Milano
312	Manzoni, Alessandro	Somis di Chiavrie, Giovanni Battista	Milano
313	Manzoni, Alessandro	Chiari, Ferdinando	Milano
314	Manzoni, Alessandro	Pock, Giovanni	Milano
315	Manzoni, Alessandro	Cattaneo, Gaetano	Milano
316	Manzoni, Alessandro	Saluzzo Roero, Diodata	Brusuglio
317	Manzoni, Alessandro	Mami, Francesco	Brusuglio
318	Manzoni, Alessandro	Non identificato	Brusuglio
319	Manzoni, Alessandro	Cornienti, Giuseppe	Brusuglio
320	Manzoni, Alessandro	Mazzoleni, Carlo	Brusuglio
321	Manzoni, Alessandro	Pictet de Rochemont, Charles-René	Brusuglio
322	Manzoni, Alessandro	Saluzzo Roero, Diodata	Brusuglio
323	Manzoni, Alessandro	Chenevière, Jean Jacques Caton	Brusuglio
324	Manzoni, Alessandro	Giuccioli Valentini, Biagio	Brusuglio
325	Manzoni, Alessandro	Bottelli, Giuseppe	Brusuglio
326	Manzoni, Alessandro	Saluzzo Roero, Diodata	Copreno
327	Manzoni, Alessandro	Manzoni, Pietro Luigi	Copreno
328	Manzoni, Alessandro	Saluzzo Roero, Diodata	Copreno
329	Manzoni, Alessandro	Saluzzo Roero, Diodata	Milano
330	Manzoni, Alessandro	Grossi, Tommaso	Brusuglio
331	Manzoni, Alessandro	Borghi, Giuseppe	Milano
332	Manzoni, Alessandro	Zannoni, Giovanni Battista	Milano
333	Manzoni, Alessandro	Saluzzo Roero, Diodata	Milano
334	Manzoni, Alessandro	Saluzzo Roero, Diodata	Milano
335	Manzoni, Alessandro	Gazzera, Costanzo	Milano
336	Manzoni, Alessandro	Cousin, Victor	Milano
337	Manzoni, Alessandro	Tommaseo, Niccolò	Milano
338	Manzoni, Alessandro	Tosi, Luigi	Milano
339	Manzoni, Alessandro	Fratti, Luigi	Milano
340	Manzoni, Alessandro	Tosi, Luigi	Milano
341	Manzoni, Alessandro	Manio, Paolo	Milano
342	Manzoni, Alessandro	Malingri di Bagnolo, Coriolano	Milano
344	Manzoni, Alessandro	Muzzi, Luigi	Milano
345	Manzoni, Alessandro	Saluzzo Roero, Diodata	Milano
346	Manzoni, Alessandro	Sclopis, Federigo	Milano
347	Manzoni, Alessandro	Saluzzo Roero, Diodata	Milano
348	Manzoni, Alessandro	Saluzzo Roero, Diodata	Milano
349	Manzoni, Alessandro	Rosmini, Antonio	Milano
350	Manzoni, Alessandro	Cattaneo, Gaetano	Milano
351	Manzoni, Alessandro	Cousin, Victor	Milano
352	Manzoni, Alessandro	Fauriel, Claude	Milano
353	Manzoni, Alessandro	Dandolo, Tullio	Milano
354	Manzoni, Alessandro	Non identificato	Brusuglio
355	Manzoni, Alessandro	Quetelet, Lambert Adolphe Jacques	Brusuglio
356	Manzoni, Alessandro	Visconti d'Aragona, Alessandro	Brusuglio
357	Manzoni, Alessandro	Reidhaar, Silvain	Brusuglio
358	Manzoni, Alessandro	Tosi, Luigi	Milano
359	Manzoni, Alessandro	Grossi, Tommaso	Milano
360	Manzoni, Alessandro	Bianchetti, Giuseppe	Milano
361	Manzoni, Alessandro	Rossari, Luigi	Milano
362	Manzoni, Alessandro	Tommaseo, Niccolò	
363	Manzoni, Alessandro	Saluzzo Roero, Diodata	Milano
364	Manzoni, Alessandro	Azeglio, Massimo Taparelli d'	Milano
365	Manzoni, Alessandro	Azeglio, Massimo Taparelli d'	Milano
366	Manzoni, Alessandro	Azeglio, Massimo Taparelli d'	Milano
367	Manzoni, Alessandro	Azeglio, Massimo Taparelli d'	Milano
368	Manzoni, Alessandro	Azeglio, Massimo Taparelli d'	Milano
369	Manzoni, Alessandro	Azeglio, Roberto Taparelli d'	Milano
370	Manzoni, Alessandro	Teotochi Albrizzi, Isabella	Milano
371	Manzoni, Alessandro	Tasca, Ottavio	Gessate
372	Manzoni, Alessandro	Rosmini, Antonio	Brusuglio
373	Manzoni, Alessandro	Rosmini, Antonio	Brusuglio
374	Manzoni, Alessandro	Cattaneo, Gaetano	Milano
375	Manzoni, Alessandro	Salvadori, Francesco de	Milano
376	Manzoni, Alessandro	Faieti, Luigi	Milano
377	Manzoni, Alessandro	Barbieri, Giuseppe	Milano
378	Manzoni, Alessandro	Zaccarelli, Giovanni Luigi	Milano
379	Manzoni, Alessandro	Ferrara, Antonio	Milano
380	Manzoni, Alessandro	Bonelli, Luigi	Milano
381	Manzoni, Alessandro	Ferrara, Antonio	Milano
382	Manzoni, Alessandro	Vieusseux, Giovan Pietro	Milano
383	Manzoni, Alessandro	Maistre, Xavier de	Milano
385	Manzoni, Alessandro	Montgrand, Jean-Baptiste-Jacques-Guy-Therese, marquis de	Milano
386	Manzoni, Alessandro	Wessenberg, Johann Philipp von	Milano
387	Manzoni, Alessandro	Cazalès, Edmond de	Milano
388	Manzoni, Alessandro	Gambarana, Angelina	Milano
389	Manzoni, Alessandro	Cantù, Cesare	Milano
390	Manzoni, Alessandro	Ratti, Giulio	Milano
391	Manzoni, Alessandro	Ratti, Giulio	Milano
392	Manzoni, Alessandro	Coen, Marco	Milano
393	Manzoni, Alessandro	Tosi, Luigi	Milano
394	Manzoni, Alessandro	Beccaria, Giulio	
395	Manzoni, Alessandro	Coen, Marco	Milano
396	Manzoni, Alessandro	Montgrand, Jean-Baptiste-Jacques-Guy-Therese, marquis de	Milano
397	Manzoni, Alessandro	Montgrand, Jean-Baptiste-Jacques-Guy-Therese, marquis de	Milano
398	Manzoni, Alessandro	Fontana, Cristoforo Giuseppe	Genova
399	Manzoni, Alessandro	Giordani, Pietro	Genova
400	Manzoni, Alessandro	Mohnike, Gottlieb Christian Friedrich	Milano
401	Manzoni, Alessandro	Provana del Sabbione, Luigi	Azeglio
402	Manzoni, Alessandro	Vieusseux, Giovan Pietro	Brusuglio
403	Manzoni, Alessandro	Azeglio, Massimo Taparelli d'	Brusuglio
404	Manzoni, Alessandro	Vieusseux, Giovan Pietro	Brusuglio
405	Manzoni, Alessandro	Müller, Friedrich von	Milano
406	Manzoni, Alessandro	Montgrand, Jean-Baptiste-Jacques-Guy-Therese, marquis de	Milano
407	Manzoni, Alessandro	Vieusseux, Giovan Pietro	Milano
408	Manzoni, Alessandro	Manzoni, Vittoria	Milano
409	Manzoni, Alessandro	Montgrand, Jean-Baptiste-Jacques-Guy-Therese, marquis de	Milano
410	Manzoni, Alessandro	Cattaneo, Gaetano	Milano
411	Manzoni, Alessandro	Leopoldo II	Milano
412	Manzoni, Alessandro	Balbo, Prospero	Milano
413	Manzoni, Alessandro	Bonuccelli, Angelo	Milano
414	Manzoni, Alessandro	Fauriel, Claude	Milano
415	Manzoni, Alessandro	Manera, Francesco	Brusuglio
416	Manzoni, Alessandro	Manzoni, Vittoria	
417	Manzoni, Alessandro	Saluzzo Roero, Diodata	Brusuglio
418	Manzoni, Alessandro	Fauriel, Claude	Brusuglio
419	Manzoni, Alessandro	Becchi, Fruttuoso	Brusuglio
420	Manzoni, Alessandro	Tommaseo, Niccolò	Brusuglio
421	Manzoni, Alessandro	Mellerio, Giacomo	Brusuglio
422	Manzoni, Alessandro	Manzoni, Vittoria	Brusuglio
423	Manzoni, Alessandro	Montgrand, Jean-Baptiste-Jacques-Guy-Therese, marquis de	Brusuglio
424	Manzoni, Alessandro	Cantù, Cesare	Brusuglio
425	Manzoni, Alessandro	Sismondi, Jean Charles Léonard Simonde de	Brusuglio
426	Manzoni, Alessandro	Cattaneo, Gaetano	Brusuglio
427	Manzoni, Alessandro	Cattaneo, Gaetano	Brusuglio
428	Manzoni, Alessandro	Cousin, Victor	Brusuglio
429	Manzoni, Alessandro	Mellerio, Giacomo	Brusuglio
430	Manzoni, Alessandro	Ghianda, Giovanni	Brusuglio
431	Manzoni, Alessandro	Rosmini, Antonio	
432	Manzoni, Alessandro	Leopoldo II	Milano
433	Manzoni, Alessandro	Fauriel, Claude	Milano
434	Manzoni, Alessandro	Coen, Marco	Milano
435	Manzoni, Alessandro	Leopoldo II	Milano
436	Manzoni, Alessandro	Borghi, Giuseppe	Milano
438	Manzoni, Alessandro	Cattaneo, Gaetano	Milano
439	Manzoni, Alessandro	Rossari, Luigi	Brusuglio
440	Manzoni, Alessandro	Cattaneo, Gaetano	Brusuglio
441	Manzoni, Alessandro	Cattaneo, Gaetano	Gessate
442	Manzoni, Alessandro	Longhi, Pietro	Gessate
443	Manzoni, Alessandro	Challamel, Claude-Pierre	Gessate
444	Manzoni, Alessandro	Leopoldo II	Milano
445	Manzoni, Alessandro	Leopoldo II	Milano
446	Manzoni, Alessandro	Guicciardi, Luigi	Milano
447	Manzoni, Alessandro	Arconati Visconti, Costanza	
448	Manzoni, Alessandro	Manera, Francesco	Milano
449	Manzoni, Alessandro	Appiani Strigelli, Giuseppina	Milano
450	Manzoni, Alessandro	Orlandini, Giovanni	Milano
451	Manzoni, Alessandro	Montgrand, Jean-Baptiste-Jacques-Guy-Therese, marquis de	Milano
452	Manzoni, Alessandro	Manzoni, Vittoria	Milano
453	Manzoni, Alessandro	Bazzoni, Giambattista	Milano
454	Manzoni, Alessandro	Grossi, Tommaso	Brusuglio
455	Manzoni, Alessandro	Cattaneo, Gaetano	Brusuglio
456	Manzoni, Alessandro	Cioni, Gaetano	Brusuglio
458	Manzoni, Alessandro	Cattaneo, Gaetano	Gessate
459	Manzoni, Alessandro	Delacouture, André Vincent	Milano
460	Manzoni, Alessandro	Beccaria, Giacomo	Milano
461	Manzoni, Alessandro	Jacopetti, Giuseppe; Jacopetti Verri, Fulvia	Milano
462	Manzoni, Alessandro	Mojon Milesi, Bianca	Milano
463	Manzoni, Alessandro	Jacopetti Verri, Fulvia	Milano
464	Manzoni, Alessandro	Beccaria, Giulio	Milano
465	Manzoni, Alessandro	Cattaneo, Gaetano	Milano
466	Manzoni, Alessandro	Cioni, Gaetano	Milano
467	Manzoni, Alessandro	Montgolfier, Adélaïde de	Milano
468	Manzoni, Alessandro	Borsieri, Pietro	Milano
469	Manzoni, Alessandro	Confalonieri, Federico	Milano
470	Manzoni, Alessandro	Cioni, Gaetano	Milano
471	Manzoni, Alessandro	Beccaria, Giulio	Milano
472	Manzoni, Alessandro	Saluzzo Roero, Diodata	
473	Manzoni, Alessandro	Cousin, Victor	Brusuglio
474	Manzoni, Alessandro	Ratti, Giulio	Brusuglio
475	Manzoni, Alessandro	Cattaneo, Gaetano	Brusuglio
476	Manzoni, Alessandro	Cattaneo, Gaetano	Brusuglio
477	Manzoni, Alessandro	Ratti, Giulio	Brusuglio
478	Manzoni, Alessandro	Tosi, Luigi	Brusuglio
479	Manzoni, Alessandro	Pellico, Silvio	Brusuglio
480	Manzoni, Alessandro	Beccaria, Giulio	Milano
481	Manzoni, Alessandro	Cocastelli di Montiglio, Federico	Milano
482	Manzoni, Alessandro	Cesati, Pietro	Brusuglio
483	Manzoni, Alessandro	Tamassia, Giovanni	Milano
484	Manzoni, Alessandro	Grossi, Tommaso	Milano
485	Manzoni, Alessandro	Non identificato	Brusuglio
486	Manzoni, Alessandro	Grossi, Tommaso	Milano
487	Manzoni, Alessandro	Confalonieri, Federico	Brusuglio
488	Manzoni, Alessandro	Mazzetti, Antonio	Brusuglio
489	Manzoni, Alessandro	Cattaneo, Gaetano	Brusuglio
490	Manzoni, Alessandro	Mojon Milesi, Bianca	Brusuglio
491	Manzoni, Alessandro	Trechi, Sigismondo	Brusuglio
492	Manzoni, Alessandro	Cattaneo, Gaetano	Brusuglio
493	Manzoni, Alessandro	Cattaneo, Gaetano	Brusuglio
494	Manzoni, Alessandro	Cattaneo, Gaetano	Brusuglio
495	Manzoni, Alessandro	Cattaneo, Gaetano	Gessate
496	Manzoni, Alessandro	Boulanger, Louis	Milano
497	Manzoni, Alessandro	Arconati Visconti, Costanza	Milano
498	Manzoni, Alessandro	Manin, Leonardo	Milano
499	Manzoni, Alessandro	Montgrand, Jean-Baptiste-Jacques-Guy-Therese, marquis de	Milano
500	Manzoni, Alessandro	Vannini, Angelo	Brusuglio
501	Manzoni, Alessandro	Querni, Pietro	Brusuglio
502	Manzoni, Alessandro	Beccaria, Giulio	Brusuglio
503	Manzoni, Alessandro	Beccaria, Giulio	Brusuglio
504	Manzoni, Alessandro	Montgrand, Jean-Baptiste-Jacques-Guy-Therese, marquis de	Brusuglio
505	Manzoni, Alessandro	Beccaria, Giacomo	Brusuglio
506	Manzoni, Alessandro	Del Chiappa, Giuseppe	Brusuglio
507	Manzoni, Alessandro	Niccolini, Giovanni Battista	Brusuglio
508	Manzoni, Alessandro	Mazzetti, Antonio	Brusuglio
509	Manzoni, Alessandro	Tersmeden, Per Reinhold	Brusuglio
510	Manzoni, Alessandro	Mojon Milesi, Bianca	Brusuglio
511	Manzoni, Alessandro	Cattaneo, Gaetano	Brusuglio
512	Manzoni, Alessandro	Cattaneo, Gaetano	Milano
513	Manzoni, Alessandro	Bard, Giuseppe	Milano
514	Manzoni, Alessandro	Giudici, Gaetano	Milano
515	Manzoni, Alessandro	Beccaria, Giacomo	Milano
516	Manzoni, Alessandro	Grossi, Tommaso	Milano
517	Manzoni, Alessandro	Buonfiglio, Antonio	Milano
518	Manzoni, Alessandro	Rovida, Cesare	Milano
519	Manzoni, Alessandro	Montgrand, Jean-Baptiste-Jacques-Guy-Therese, marquis de	Milano
520	Manzoni, Alessandro	Prati, Giovanni	Milano
521	Manzoni, Alessandro	Non identificato	Milano
522	Manzoni, Alessandro	Tamassia, Giovanni	Brusuglio
523	Manzoni, Alessandro	Barbieri, Giuseppe	Brusuglio
524	Manzoni, Alessandro	Manzoni, Sofia	Brusuglio
525	Manzoni, Alessandro	Tamassia, Giovanni	Brusuglio
527	Manzoni, Alessandro	Cattaneo, Gaetano	Brusuglio
528	Manzoni, Alessandro	Manzoni, Enrico	Brusuglio
530	Manzoni, Alessandro	Montgrand, Jean-Baptiste-Jacques-Guy-Therese, marquis de	Brusuglio
531	Manzoni, Alessandro	Cattaneo, Gaetano	Milano
532	Manzoni, Alessandro	Morbio, Carlo	Milano
533	Manzoni, Alessandro	Morbio, Carlo	Milano
534	Manzoni, Alessandro	Morbio, Carlo	Milano
535	Manzoni, Alessandro	Morbio, Carlo	Milano
536	Manzoni, Alessandro	Tosi, Luigi	Milano
537	Manzoni, Alessandro	Morbio, Carlo	Milano
538	Manzoni, Alessandro	Morbio, Carlo	Milano
539	Manzoni, Alessandro	Presidenza di Governo	Milano
540	Manzoni, Alessandro	Beccaria, Giacomo	Milano
541	Manzoni, Alessandro	Gonin, Francesco	Milano
542	Manzoni, Alessandro	Gonin, Francesco	Milano
543	Manzoni, Alessandro	Gonin, Francesco	Milano
544	Manzoni, Alessandro	Gonin, Francesco	Milano
545	Manzoni, Alessandro	Gonin, Francesco	Milano
546	Manzoni, Alessandro	Gonin, Francesco	Milano
548	Manzoni, Alessandro	Gonin, Francesco	Milano
549	Manzoni, Alessandro	Gonin, Francesco	Milano
550	Manzoni, Alessandro	Gonin, Francesco	Milano
551	Manzoni, Alessandro	Gonin, Francesco	Milano
552	Manzoni, Alessandro	Maderna, Leopoldo	Milano
553	Manzoni, Alessandro	Gonin, Francesco	Milano
554	Manzoni, Alessandro	Gonin, Francesco	Milano
555	Manzoni, Alessandro	Gonin, Francesco	Milano
556	Manzoni, Alessandro	Giudici, Gaetano	Milano
557	Manzoni, Alessandro	Cousin, Victor	Milano
558	Manzoni, Alessandro	Moja, Federico	Milano
559	Manzoni, Alessandro	Arconati Visconti, Costanza	Brusuglio
560	Manzoni, Alessandro	Manzoni, Pietro Luigi	Brusuglio
561	Manzoni, Alessandro	Rossi, Francesco	Brusuglio
562	Manzoni, Alessandro	Cattaneo, Gaetano	Brusuglio
563	Manzoni, Alessandro	Cattaneo, Gaetano	Brusuglio
564	Manzoni, Alessandro	Giudici, Gaetano	
565	Manzoni, Alessandro	Manzoni, Pietro Luigi	Brusuglio
566	Manzoni, Alessandro	Gonin, Francesco	
567	Manzoni, Alessandro	Gonin, Francesco	
568	Manzoni, Alessandro	Gonin, Francesco	
569	Manzoni, Alessandro	Gonin, Francesco	
570	Manzoni, Alessandro	Gonin, Francesco	
571	Manzoni, Alessandro	Gonin, Francesco	
572	Manzoni, Alessandro	Gonin, Francesco	
573	Manzoni, Alessandro	Gonin, Francesco	
574	Manzoni, Alessandro	Gonin, Francesco	Brusuglio
575	Manzoni, Alessandro	Falquet Planta, Euphrosyne	Brusuglio
576	Manzoni, Alessandro	Appiani Strigelli, Giuseppina	Brusuglio
577	Manzoni, Alessandro	Fauriel, Claude	Brusuglio
578	Manzoni, Alessandro	Montgrand, Jean-Baptiste-Jacques-Guy-Therese, marquis de	Brusuglio
579	Manzoni, Alessandro	Rossi, Francesco	Brusuglio
580	Manzoni, Alessandro	Giudici, Gaetano	Brusuglio
581	Manzoni, Alessandro	Montgrand, Jean-Baptiste-Jacques-Guy-Therese, marquis de	Brusuglio
582	Manzoni, Alessandro	Cattaneo, Gaetano	Milano
583	Manzoni, Alessandro	Manzoni, Cristina	Milano
584	Manzoni, Alessandro	Gonin, Francesco	Milano
585	Manzoni, Alessandro	Gonin, Francesco	Milano
586	Manzoni, Alessandro	Cattaneo, Gaetano	Milano
587	Manzoni, Alessandro	Palli Bartolomei, Angelica	Milano
588	Manzoni, Alessandro	Gonin, Francesco	Milano
589	Manzoni, Alessandro	Montgrand, Jean-Baptiste-Jacques-Guy-Therese, marquis de	Milano
590	Manzoni, Alessandro	Istituto Lombardo di Scienze Lettere e Arti	Milano
592	Manzoni, Alessandro	Del Carretto, Francesco Saverio	Milano
593	Manzoni, Alessandro	Beccaria, Giacomo	Milano
594	Manzoni, Alessandro	Beccaria, Giulio	Milano
595	Manzoni, Alessandro	Ferretti, Giacomo	Milano
596	Manzoni, Alessandro	Beccaria, Giacomo	Milano
597	Manzoni, Alessandro	Beccaria, Giulio	Milano
598	Manzoni, Alessandro	Beccaria, Giulio	Milano
599	Manzoni, Alessandro	Beccaria, Giulio	Milano
600	Manzoni, Alessandro	Beccaria, Giacomo	Milano
601	Manzoni, Alessandro	Beccaria, Giulio	Milano
602	Manzoni, Alessandro	Pomba, Giuseppe	Milano
603	Manzoni, Alessandro	Beccaria, Giacomo	Milano
604	Manzoni, Alessandro	Beccaria, Giulio	Milano
605	Manzoni, Alessandro	Beccaria, Giacomo	Milano
606	Manzoni, Alessandro	Beccaria, Giulio	Milano
607	Manzoni, Alessandro	Trechi, Sigismondo	Milano
608	Manzoni, Alessandro	Beccaria, Giulio	
609	Manzoni, Alessandro	Lebzeltern, Ludwig von	
610	Manzoni, Alessandro	Del Carretto, Francesco Saverio	Milano
611	Manzoni, Alessandro	Trechi, Sigismondo	
612	Manzoni, Alessandro	Gonin, Francesco	Milano
613	Manzoni, Alessandro	Sacchi, Luigi	Milano
614	Manzoni, Alessandro	Leopoldo II	Milano
615	Manzoni, Alessandro	Moja, Federico	Milano
616	Manzoni, Alessandro	Gabrielli, Gabrielangelo	Milano
617	Manzoni, Alessandro	Gabrielli, Gabrielangelo	Milano
618	Manzoni, Alessandro	Guglielmini, Vincenzo	Milano
619	Manzoni, Alessandro	Manzoni, Pietro Luigi	Lesa
620	Manzoni, Alessandro	Manzoni, Pietro Luigi	Lesa
621	Manzoni, Alessandro	Manzoni, Vittoria	Lesa
622	Manzoni, Alessandro	Manzoni, Pietro Luigi	Lesa
623	Manzoni, Alessandro	Manzoni, Pietro Luigi	Lesa
624	Manzoni, Alessandro	Rossari, Luigi	Milano
625	Manzoni, Alessandro	Sacchi, Luigi	Milano
626	Manzoni, Alessandro	Rossi, Francesco	Milano
627	Manzoni, Alessandro	Sacchi, Luigi	Milano
628	Manzoni, Alessandro	Baroggi, Cristoforo	Milano
629	Manzoni, Alessandro	Gonin, Francesco	Milano
630	Manzoni, Alessandro	Lanza di Scordia, Pietro	Milano
631	Manzoni, Alessandro	Sacchi, Luigi	Milano
632	Manzoni, Alessandro	Gonin, Francesco	Milano
633	Manzoni, Alessandro	Gonin, Francesco	Milano
634	Manzoni, Alessandro	Gonin, Francesco	Milano
635	Manzoni, Alessandro	Rio, Alexis François	Milano
636	Manzoni, Alessandro	Gonin, Francesco	Milano
637	Manzoni, Alessandro	Gonin, Francesco	Milano
638	Manzoni, Alessandro	Baudry, Louis Claude	Milano
639	Manzoni, Alessandro	Ugoni, Camillo	Milano
640	Manzoni, Alessandro	Fresne, Marcellin de	Milano
641	Manzoni, Alessandro	Gonin, Francesco	Milano
642	Manzoni, Alessandro	Baudry, Louis Claude	Milano
643	Manzoni, Alessandro	Fresne, Marcellin de	Milano
644	Manzoni, Alessandro	Trechi, Sigismondo	
645	Manzoni, Alessandro	Fresne, Marcellin de	Milano
646	Manzoni, Alessandro	Gonin, Francesco	Milano
647	Manzoni, Alessandro	Gonin, Francesco	
648	Manzoni, Alessandro	Gonin, Francesco	
649	Manzoni, Alessandro	Fresne, Marcellin de	Milano
650	Manzoni, Alessandro	Gonin, Francesco	Milano
651	Manzoni, Alessandro	Fresne, Jacques de	Milano
652	Manzoni, Alessandro	Gonin, Francesco	Milano
653	Manzoni, Alessandro	Rossi, Francesco	Milano
654	Manzoni, Alessandro	Rossi, Francesco	Milano
655	Manzoni, Alessandro	Rossi, Francesco	Milano
656	Manzoni, Alessandro	Rossi, Francesco	Milano
657	Manzoni, Alessandro	Rossi, Francesco	Milano
658	Manzoni, Alessandro	Rossi, Francesco	Milano
659	Manzoni, Alessandro	Rossi, Francesco	Milano
660	Manzoni, Alessandro	Rossi, Francesco	Milano
661	Manzoni, Alessandro	Fresne, Jacques de	Milano
662	Manzoni, Alessandro	Grossi, Tommaso	Milano
663	Manzoni, Alessandro	Coen, Marco	Milano
664	Manzoni, Alessandro	Fresne, Jacques de	Milano
665	Manzoni, Alessandro	Fresne, Jacques de	Milano
666	Manzoni, Alessandro	Luti, Emilia	Milano
667	Manzoni, Alessandro	Fresne, Marcellin de	Milano
668	Manzoni, Alessandro	Luti, Emilia	Milano
669	Manzoni, Alessandro	Gonin, Francesco	Milano
670	Manzoni, Alessandro	Trechi, Sigismondo	Milano
671	Manzoni, Alessandro	Rossi, Francesco	Milano
672	Manzoni, Alessandro	Fresne, Marcellin de	Milano
673	Manzoni, Alessandro	Fresne, Marcellin de	Milano
674	Manzoni, Alessandro	Fresne, Marcellin de	Milano
675	Manzoni, Alessandro	Fresne, Marcellin de	Milano
676	Manzoni, Alessandro	Rolandi, Pietro	Milano
677	Manzoni, Alessandro	Fresne, Marcellin de	Milano
678	Manzoni, Alessandro	Mompiani, Giacinto	Milano
679	Manzoni, Alessandro	Fresne, Marcellin de	Milano
680	Manzoni, Alessandro	Baroggi, Cristoforo	Milano
681	Manzoni, Alessandro	Le Monnier, Felice	Milano
682	Manzoni, Alessandro	Azeglio, Massimo Taparelli d'	Milano
683	Manzoni, Alessandro	Gonin, Francesco	Milano
684	Manzoni, Alessandro	Rosmini, Antonio	Milano
685	Manzoni, Alessandro	Circourt, Adolphe de	Milano
686	Manzoni, Alessandro	Baudry, Louis Claude	Milano
687	Manzoni, Alessandro	Fresne, Marcellin de	Milano
688	Manzoni, Alessandro	Le Monnier, Felice	Milano
689	Manzoni, Alessandro	Rosmini, Antonio	Milano
690	Manzoni, Alessandro	Fresne, Marcellin de	Milano
691	Manzoni, Alessandro	Castiglioni, Felice	Milano
692	Manzoni, Alessandro	Rambaldi, Stefano Paolo	Milano
693	Manzoni, Alessandro	Bottelli, Luigi	Milano
694	Manzoni, Alessandro	Luti Feroci, Giovanna	Milano
695	Manzoni, Alessandro	Rambaldi, Stefano Paolo	Milano
696	Manzoni, Alessandro	Baudry, Louis Claude	Milano
697	Manzoni, Alessandro	Cantù, Ignazio	Milano
698	Manzoni, Alessandro	Montgrand, Jean-Baptiste-Jacques-Guy-Therese, marquis de	Milano
699	Manzoni, Alessandro	Fresne, Marcellin de	Milano
700	Manzoni, Alessandro	Fresne, Marcellin de	Milano
701	Manzoni, Alessandro	Rolandi, Pietro	Milano
702	Manzoni, Alessandro	Montgrand, Jean-Baptiste-Jacques-Guy-Therese, marquis de	Milano
703	Manzoni, Alessandro	Prati, Giovanni	Milano
704	Manzoni, Alessandro	Laderchi, Camillo	Milano
705	Manzoni, Alessandro	Poujoulat, Jean Joseph	Milano
706	Manzoni, Alessandro	Baroggi, Cristoforo	Brusuglio
707	Manzoni, Alessandro	Jacopetti, Giuseppe; Jacopetti Verri, Fulvia	Brusuglio
708	Manzoni, Alessandro	Fresne, Marcellin de	Brusuglio
709	Manzoni, Alessandro	Manzoni, Pietro Luigi	Lesa
710	Manzoni, Alessandro	Trechi, Sigismondo	Lesa
711	Manzoni, Alessandro	Manzoni, Pietro Luigi	Lesa
712	Manzoni, Alessandro	Valeriani, Domenico	Lesa
713	Manzoni, Alessandro	Manzoni, Vittoria	Lesa
714	Manzoni, Alessandro	Modena, Gustavo	Milano
715	Manzoni, Alessandro	Giusti, Giuseppe	Milano
716	Manzoni, Alessandro	Colet, Louise	Milano
717	Manzoni, Alessandro	Fresne, Marcellin de	Milano
718	Manzoni, Alessandro	Fresne, Marcellin de	Milano
719	Manzoni, Alessandro	Querni, Pietro	Milano
720	Manzoni, Alessandro	Manera, Francesco	Milano
721	Manzoni, Alessandro	Morbio, Carlo	Milano
722	Manzoni, Alessandro	Fresne, Marcellin de	Milano
723	Manzoni, Alessandro	Beccaria, Giulio	
724	Manzoni, Alessandro	Cotenna Del Rosso, Gaetana	Milano
725	Manzoni, Alessandro	Spandri, Giuseppe	Milano
726	Manzoni, Alessandro	Reboul, Jean	Milano
727	Manzoni, Alessandro	Manzoni, Pietro Luigi	Brusuglio
728	Manzoni, Alessandro	Trotti Bentivoglio, Lodovico	Brusuglio
729	Manzoni, Alessandro	Zardetti, Carlo	Milano
730	Manzoni, Alessandro	Zardetti, Carlo	Milano
731	Manzoni, Alessandro	Gonin, Francesco	Milano
732	Manzoni, Alessandro	Spaur, Johann Baptist von	Milano
733	Manzoni, Alessandro	Humboldt, Alexander von	Milano
734	Manzoni, Alessandro	Spaur, Johann Baptist von	Milano
735	Manzoni, Alessandro	Rosmini, Antonio	Milano
736	Manzoni, Alessandro	Panizza, Bartolomeo	Milano
737	Manzoni, Alessandro	Morbio, Carlo	Milano
738	Manzoni, Alessandro	Rossi, Francesco	Milano
739	Manzoni, Alessandro	Humboldt, Alexander von	Milano
740	Manzoni, Alessandro	Non identificato	Milano
741	Manzoni, Alessandro	Rosmini, Antonio	Milano
742	Manzoni, Alessandro	Zardetti, Carlo	Milano
743	Manzoni, Alessandro	Zardetti, Carlo	Milano
744	Manzoni, Alessandro	Gonin, Francesco	Milano
745	Manzoni, Alessandro	Manzoni Borri, Teresa	Niguarda
746	Manzoni, Alessandro	Seminario Vescovile Trento	Milano
747	Manzoni, Alessandro	Rossi, Francesco	Milano
748	Manzoni, Alessandro	Rossi, Francesco	Milano
749	Manzoni, Alessandro	Rossi, Francesco	Milano
750	Manzoni, Alessandro	Rossi, Francesco	Milano
751	Manzoni, Alessandro	Rossi, Francesco	Milano
752	Manzoni, Alessandro	Rossi, Francesco	Milano
753	Manzoni, Alessandro	Manzoni, Vittoria	Milano
754	Manzoni, Alessandro	Manzoni, Matilde	Milano
755	Manzoni, Alessandro	Azeglio Maumary, Louise Elisabette Marie, d'	Milano
756	Manzoni, Alessandro	Laderchi, Camillo	Milano
757	Manzoni, Alessandro	Montanelli, Giuseppe	Milano
758	Manzoni, Alessandro	Manzoni, Vittoria	Milano
759	Manzoni, Alessandro	Capponi, Gino	Milano
760	Manzoni, Alessandro	Capponi, Gino	Milano
761	Manzoni, Alessandro	Manzoni, Vittoria	Milano
762	Manzoni, Alessandro	Luti, Emilia	Milano
763	Manzoni, Alessandro	Rezzonico, Francesco	Milano
764	Manzoni, Alessandro	Rosini, Giovanni	Milano
765	Manzoni, Alessandro	Pompilj, Gioacchino	Milano
766	Manzoni, Alessandro	Manzoni, Pietro Luigi	Milano
767	Manzoni, Alessandro	Giusti, Giuseppe	Milano
768	Manzoni, Alessandro	Morelli, Giovanni Lorenzo	Milano
769	Manzoni, Alessandro	Giusti, Giuseppe	Milano
770	Manzoni, Alessandro	Giorgini, Giovanni Battista	Milano
771	Manzoni, Alessandro	Giusti, Giuseppe; Giorgini, Giovanni Battista	Milano
772	Manzoni, Alessandro	Gonin, Francesco	Milano
773	Manzoni, Alessandro	Manzoni, Vittoria	Milano
774	Manzoni, Alessandro	Giorgini, Giovanni Battista	Milano
775	Manzoni, Alessandro	Manzoni, Vittoria	Milano
776	Manzoni, Alessandro	Giorgini, Gaetano	Milano
777	Manzoni, Alessandro	Rossari, Luigi	Milano
778	Manzoni, Alessandro	Panizza, Bartolomeo	Milano
779	Manzoni, Alessandro	Maestri, Francesco	Milano
780	Manzoni, Alessandro	Montanelli, Giuseppe	Milano
781	Manzoni, Alessandro	Giorgini, Giovanni Battista	Milano
782	Manzoni, Alessandro	Manzoni, Matilde	Milano
783	Manzoni, Alessandro	Manzoni Borri, Teresa	Nervi
784	Manzoni, Alessandro	Ghianda, Giovanni	Lesa
785	Manzoni, Alessandro	Ghianda, Giovanni	Lesa
786	Manzoni, Alessandro	Manzoni, Vittoria	Lesa
787	Manzoni, Alessandro	Rosmini, Antonio	Lesa
788	Manzoni, Alessandro	Giusti, Giuseppe	Milano
789	Manzoni, Alessandro	Beccaria, Giacomo	
790	Manzoni, Alessandro	Rosmini, Antonio	Milano
791	Manzoni, Alessandro	Calandri, Francesco	Milano
792	Manzoni, Alessandro	Giusti, Giuseppe	Milano
793	Manzoni, Alessandro	Carena, Giacinto	Milano
794	Manzoni, Alessandro	Odorici, Federico	Milano
795	Manzoni, Alessandro	Manzoni, Enrico	Milano
796	Manzoni, Alessandro	Carena, Giacinto	Milano
797	Manzoni, Alessandro	Odorici, Federico	Milano
798	Manzoni, Alessandro	Trotti Bentivoglio, Lodovico	Milano
799	Manzoni, Alessandro	Vicario Generale	
800	Manzoni, Alessandro	Polti, Giuseppe	Milano
801	Manzoni, Alessandro	Polti, Giuseppe	Milano
802	Manzoni, Alessandro	Manzoni, Vittoria	Milano
803	Manzoni, Alessandro	Promis, Carlo	Milano
804	Manzoni, Alessandro	Arconati Visconti, Costanza	Lesa
805	Manzoni, Alessandro	Manzoni, Pietro Luigi	Lesa
806	Manzoni, Alessandro	Manzoni, Pietro Luigi	Lesa
807	Manzoni, Alessandro	Baudi di Vesme, Carlo	Lesa
808	Manzoni, Alessandro	Manzoni, Pietro Luigi	Lesa
809	Manzoni, Alessandro	Manzoni, Pietro Luigi	Lesa
810	Manzoni, Alessandro	Manzoni, Pietro Luigi	Lesa
811	Manzoni, Alessandro	Baudi di Vesme, Carlo	Lesa
812	Manzoni, Alessandro	Giorgini, Giovanni Battista	Lesa
813	Manzoni, Alessandro	Manzoni, Pietro Luigi	Lesa
814	Manzoni, Alessandro	Manzoni, Pietro Luigi	Lesa
815	Manzoni, Alessandro	Rosmini, Antonio	Milano
816	Manzoni, Alessandro	Stampa, Stefano Giuseppe	Milano
819	Manzoni, Alessandro	Stampa, Stefano Giuseppe	Milano
824	Manzoni, Alessandro	Stampa, Stefano Giuseppe	Milano
825	Manzoni, Alessandro	Cantù, Cesare	Milano
827	Manzoni, Alessandro	Stampa, Stefano Giuseppe	Milano
828	Manzoni, Alessandro	Stampa, Stefano Giuseppe	Milano
835	Manzoni, Alessandro	Ricci d'Azeglio, Alessandra	Lesa
836	Manzoni, Alessandro	Manzoni, Vittoria	Milano
838	Manzoni, Alessandro	Manzoni, Filippo	Milano
839	Manzoni, Alessandro	Manzoni, Vittoria; Manzoni, Matilde	Milano
840	Manzoni, Alessandro	Manzoni, Filippo	Milano
841	Manzoni, Alessandro	Lamartine, Alphonse Marie Louis de	Milano
842	Manzoni, Alessandro	Manzoni, Vittoria; Manzoni, Matilde	Milano
843	Manzoni, Alessandro	Manzoni, Enrico	Milano
844	Manzoni, Alessandro	Giorgini, Giovanni Battista	Milano
845	Manzoni, Alessandro	Manzoni, Vittoria; Manzoni, Matilde	Milano
846	Manzoni, Alessandro	Manzoni, Filippo	Milano
847	Manzoni, Alessandro	Manzoni, Vittoria; Manzoni, Matilde	Milano
848	Manzoni, Alessandro	Manzoni, Enrico	Milano
849	Manzoni, Alessandro	Rosmini, Antonio	Milano
850	Manzoni, Alessandro	Maderna, Leopoldo	Belgirate
851	Manzoni, Alessandro	Manzoni, Vittoria; Manzoni, Matilde	Milano
852	Manzoni, Alessandro	Manzoni, Vittoria; Manzoni, Matilde	Milano
853	Manzoni, Alessandro	Rosmini, Antonio	Milano
855	Manzoni, Alessandro	Cavallini, Giovanni Battista	Milano
856	Manzoni, Alessandro	Manzoni, Vittoria; Manzoni, Matilde; Giorgini, Giovanni Battista	Lesa
857	Manzoni, Alessandro	Trotti Bentivoglio, Lodovico	Lesa
858	Manzoni, Alessandro	Cobianchi, Luigi	Lesa
859	Manzoni, Alessandro	Maderna, Leopoldo	Lesa
860	Manzoni, Alessandro	Manzoni, Pietro Luigi	Lesa
861	Manzoni, Alessandro	Casati, Gabrio	Lesa
862	Manzoni, Alessandro	La Concordia	Lesa
863	Manzoni, Alessandro	Manzoni, Pietro Luigi	Lesa
864	Manzoni, Alessandro	La Concordia; Il Risorgimento	Lesa
865	Manzoni, Alessandro	Maderna, Leopoldo	Lesa
866	Manzoni, Alessandro	De Vecchi, Felice	Lesa
867	Manzoni, Alessandro	Briano, Giorgio	Lesa
868	Manzoni, Alessandro	Presidente della Camera Piemontese	Lesa
869	Manzoni, Alessandro	Briano, Giorgio	Lesa
870	Manzoni, Alessandro	De Marchi, Gaetano	Lesa
871	Manzoni, Alessandro	Manzoni, Vittoria	Lesa
872	Manzoni, Alessandro	Branzini, Giovanni Battista	Lesa
873	Manzoni, Alessandro	Maderna, Leopoldo	Lesa
874	Manzoni, Alessandro	Maderna, Leopoldo	Lesa
875	Manzoni, Alessandro	Maderna, Leopoldo	Lesa
876	Manzoni, Alessandro	Maderna, Leopoldo	Lesa
877	Manzoni, Alessandro	Ghianda, Giovanni	Lesa
878	Manzoni, Alessandro	Polti, Giuseppe	Lesa
879	Manzoni, Alessandro	Manzoni, Vittoria	Lesa
880	Manzoni, Alessandro	Manzoni, Pietro Luigi	Lesa
881	Manzoni, Alessandro	Maderna, Leopoldo	Lesa
882	Manzoni, Alessandro	I. R. Commissione per la Tassa di Guerra	Lesa
883	Manzoni, Alessandro	Manzoni, Vittoria	Lesa
884	Manzoni, Alessandro	Manzoni Borri, Teresa	Lesa
885	Manzoni, Alessandro	Maderna, Leopoldo	Lesa
886	Manzoni, Alessandro	Manzoni, Filippo	Lesa
887	Manzoni, Alessandro	Brivio, Ferdinando	Lesa
888	Manzoni, Alessandro	Maderna, Leopoldo	Lesa
889	Manzoni, Alessandro	Maderna, Leopoldo	Lesa
890	Manzoni, Alessandro	Manzoni, Vittoria	Lesa
891	Manzoni, Alessandro	Puecher, Francesco Saverio	Lesa
892	Manzoni, Alessandro	Manzoni, Matilde	Lesa
893	Manzoni, Alessandro	Manzoni, Pietro Luigi	Lesa
895	Manzoni, Alessandro	Stampa, Stefano Giuseppe	Lesa
896	Manzoni, Alessandro	Manzoni, Pietro Luigi	Lesa
897	Manzoni, Alessandro	Manzoni, Vittoria; Manzoni, Matilde	Lesa
898	Manzoni, Alessandro	Manzoni, Pietro Luigi	Lesa
899	Manzoni, Alessandro	Manzoni, Pietro Luigi	Lesa
900	Manzoni, Alessandro	Manzoni, Pietro Luigi	Lesa
901	Manzoni, Alessandro	Rosmini, Antonio	Lesa
902	Manzoni, Alessandro	Manzoni, Pietro Luigi	Lesa
903	Manzoni, Alessandro	Manzoni, Pietro Luigi	Lesa
904	Manzoni, Alessandro	Manzoni, Pietro Luigi	Lesa
905	Manzoni, Alessandro	Manzoni, Pietro Luigi	Lesa
906	Manzoni, Alessandro	Manzoni Borri, Teresa	Lesa
907	Manzoni, Alessandro	Rosmini, Antonio	Lesa
908	Manzoni, Alessandro	Manzoni, Pietro Luigi	Lesa
909	Manzoni, Alessandro	Redaelli, Giuseppe	Lesa
910	Manzoni, Alessandro	Manzoni, Pietro Luigi	Lesa
911	Manzoni, Alessandro	Guenzati, Filippo	Lesa
912	Manzoni, Alessandro	Ricciardi, Giuseppe	Lesa
913	Manzoni, Alessandro	Grossi, Tommaso	Lesa
914	Manzoni, Alessandro	Manzoni, Pietro Luigi	
915	Manzoni, Alessandro	Stampa, Stefano Giuseppe	Lesa
916	Manzoni, Alessandro	Stampa, Stefano Giuseppe	Lesa
917	Manzoni, Alessandro	Stampa, Stefano Giuseppe	Lesa
918	Manzoni, Alessandro	Rosmini, Antonio	Lesa
919	Manzoni, Alessandro	Ricciardi, Giuseppe	Lesa
920	Manzoni, Alessandro	Stampa, Stefano Giuseppe	Lesa
921	Manzoni, Alessandro	Stampa, Stefano Giuseppe	Lesa
922	Manzoni, Alessandro	Stampa, Stefano Giuseppe	Lesa
923	Manzoni, Alessandro	Guenzati, Filippo	Lesa
924	Manzoni, Alessandro	Manzoni, Vittoria	Lesa
925	Manzoni, Alessandro	Manzoni, Enrico	Lesa
926	Manzoni, Alessandro	Manzoni, Pietro Luigi	Lesa
927	Manzoni, Alessandro	Casati, Gabrio	Lesa
928	Manzoni, Alessandro	Casati, Gabrio	Lesa
929	Manzoni, Alessandro	Palagi, Guido	Lesa
930	Manzoni, Alessandro	Pomba, Giuseppe	Lesa
931	Manzoni, Alessandro	Manzoni, Pietro Luigi	Lesa
932	Manzoni, Alessandro	Rosmini, Antonio	Lesa
933	Manzoni, Alessandro	Azeglio, Massimo Taparelli d'	Lesa
934	Manzoni, Alessandro	Azeglio, Massimo Taparelli d'	Lesa
935	Manzoni, Alessandro	Azeglio Maumary, Louise Elisabette Marie, d'	Milano
936	Manzoni, Alessandro	Manzoni, Vittoria	Lesa
937	Manzoni, Alessandro	Azeglio, Massimo Taparelli d'	Lesa
938	Manzoni, Alessandro	Manzoni, Filippo	Lesa
939	Manzoni, Alessandro	Manzoni, Matilde	Lesa
940	Manzoni, Alessandro	Luti, Emilia	Lesa
941	Manzoni, Alessandro	Manzoni, Pietro Luigi	Lesa
942	Manzoni, Alessandro	Beccaria, Giacomo	Lesa
943	Manzoni, Alessandro	Manzoni, Pietro Luigi	Lesa
944	Manzoni, Alessandro	Manzoni, Filippo	Lesa
945	Manzoni, Alessandro	Trechi, Sigismondo	Lesa
946	Manzoni, Alessandro	Manzoni, Vittoria; Manzoni, Matilde	Lesa
947	Manzoni, Alessandro	Carena, Giacinto	Lesa
948	Manzoni, Alessandro	Brivio, Ferdinando	Lesa
949	Manzoni, Alessandro	Norsa, Davide	Lesa
950	Manzoni, Alessandro	Branzini, Giovanni Battista	Lesa
951	Manzoni, Alessandro	Manzoni, Pietro Luigi	Lesa
952	Manzoni, Alessandro	Manzoni, Pietro Luigi	Lesa
953	Manzoni, Alessandro	Manzoni, Pietro Luigi	Lesa
954	Manzoni, Alessandro	Rosmini, Antonio	Lesa
955	Manzoni, Alessandro	Rosmini, Antonio	Lesa
956	Manzoni, Alessandro	Manzoni, Pietro Luigi	Lesa
957	Manzoni, Alessandro	Manzoni, Pietro Luigi	Lesa
958	Manzoni, Alessandro	Manzoni, Vittoria; Manzoni, Matilde	Lesa
959	Manzoni, Alessandro	Manzoni, Filippo	Lesa
960	Manzoni, Alessandro	Bona, Giuseppe	Milano
961	Manzoni, Alessandro	Sogni, Antonio	Milano
962	Manzoni, Alessandro	Azeglio Maumary, Louise Elisabette Marie, d'	Milano
963	Manzoni, Alessandro	Manzoni, Pietro Luigi	Milano
964	Manzoni, Alessandro	Manzoni, Vittoria; Manzoni, Matilde	Milano
965	Manzoni, Alessandro	Azeglio, Massimo Taparelli d'	Milano
967	Manzoni, Alessandro	Rossari, Luigi	Milano
968	Manzoni, Alessandro	Manzoni, Vittoria	Milano
969	Manzoni, Alessandro	Manzoni, Vittoria	Milano
970	Manzoni, Alessandro	Giorgini, Giovanni Battista	Milano
971	Manzoni, Alessandro	Rossi, Francesco	Milano
972	Manzoni, Alessandro	Ratti, Giulio	Milano
973	Manzoni, Alessandro	Manzoni, Matilde	Milano
974	Manzoni, Alessandro	Rosmini, Antonio	Milano
975	Manzoni, Alessandro	Manzoni, Vittoria	Milano
976	Manzoni, Alessandro	Manzoni, Enrico	Milano
977	Manzoni, Alessandro	Manzoni, Vittoria	Milano
978	Manzoni, Alessandro	Manzoni, Matilde	Milano
979	Manzoni, Alessandro	Manzoni, Filippo	Milano
980	Manzoni, Alessandro	Panizza, Bartolomeo	Milano
981	Manzoni, Alessandro	Manzoni, Filippo	Milano
982	Manzoni, Alessandro	Baroggi, Aquilino	Milano
983	Manzoni, Alessandro	Manzoni, Vittoria	Milano
984	Manzoni, Alessandro	Pogliaghi, Salvatore	Lesa
985	Manzoni, Alessandro	Azeglio, Massimo Taparelli d'	Lesa
986	Manzoni, Alessandro	Broglio, Emilio	Lesa
987	Manzoni, Alessandro	Manzoni, Vittoria	Lesa
988	Manzoni, Alessandro	Manzoni, Vittoria	Lesa
989	Manzoni, Alessandro	Manzoni, Pietro Luigi	Lesa
990	Manzoni, Alessandro	Manzoni, Pietro Luigi	Lesa
991	Manzoni, Alessandro	Manzoni, Pietro Luigi	Lesa
992	Manzoni, Alessandro	Manzoni, Pietro Luigi	Lesa
993	Manzoni, Alessandro	Rosmini, Antonio	Lesa
994	Manzoni, Alessandro	Manzoni, Pietro Luigi	Lesa
995	Manzoni, Alessandro	Manzoni, Pietro Luigi	Lesa
996	Manzoni, Alessandro	Manzoni, Vittoria	Lesa
997	Manzoni, Alessandro	Manzoni, Vittoria	Milano
998	Manzoni, Alessandro	Azeglio, Massimo Taparelli d'	Milano
999	Manzoni, Alessandro	Manzoni, Pietro Luigi	
1000	Manzoni, Alessandro	Manzoni, Vittoria	Milano
1001	Manzoni, Alessandro	Trotti Bentivoglio, Giulio	Milano
1002	Manzoni, Alessandro	Manzoni, Vittoria	Milano
1003	Manzoni, Alessandro	Beccaria, Giacomo	Milano
1004	Manzoni, Alessandro	Pedro II	Milano
1005	Manzoni, Alessandro	Manzoni, Vittoria	Milano
1006	Manzoni, Alessandro	Chiala, Luigi	Milano
1007	Manzoni, Alessandro	Ricci d'Azeglio, Alessandra	Milano
1008	Manzoni, Alessandro	Ricci, Matteo	Milano
1009	Manzoni, Alessandro	Manzoni, Vittoria	Milano
1010	Manzoni, Alessandro	Manzoni, Enrico	Milano
1011	Manzoni, Alessandro	Bona, Giuseppe	Milano
1012	Manzoni, Alessandro	Rossi, Francesco	Milano
1013	Manzoni, Alessandro	Manzoni, Vittoria	Lesa
1014	Manzoni, Alessandro	Rosmini, Antonio	Lesa
1015	Manzoni, Alessandro	Manzoni, Pietro Luigi	Lesa
1016	Manzoni, Alessandro	Manzoni, Pietro Luigi	Lesa
1017	Manzoni, Alessandro	Azeglio, Massimo Taparelli d'	Lesa
1018	Manzoni, Alessandro	Manzoni, Pietro Luigi	Lesa
1019	Manzoni, Alessandro	Azeglio, Massimo Taparelli d'	Lesa
1020	Manzoni, Alessandro	Manzoni, Pietro Luigi	Lesa
1021	Manzoni, Alessandro	Azeglio, Massimo Taparelli d'	Lesa
1022	Manzoni, Alessandro	Garavaglia Baroggi, Enrichetta	Lesa
1023	Manzoni, Alessandro	Manzoni Borri, Teresa	Genova
1024	Manzoni, Alessandro	Manzoni Borri, Teresa	Cornegliano
1025	Manzoni, Alessandro	Manzoni, Vittoria	Cornegliano
1026	Manzoni, Alessandro	Manzoni Borri, Teresa	Cornegliano
1027	Manzoni, Alessandro	Manzoni Borri, Teresa	Sarzana
1028	Manzoni, Alessandro	Manzoni Borri, Teresa	Massarosa
1029	Manzoni, Alessandro	Manzoni Borri, Teresa	Massarosa
1030	Manzoni, Alessandro	Manzoni Borri, Teresa	Siena
1031	Manzoni, Alessandro	Manzoni Borri, Teresa	Siena
1032	Manzoni, Alessandro	Capponi, Gino	Siena
1033	Manzoni, Alessandro	Manzoni Borri, Teresa	Siena
1034	Manzoni, Alessandro	Manzoni Borri, Teresa	Massarosa
1035	Manzoni, Alessandro	Manzoni Borri, Teresa	Massarosa
1036	Manzoni, Alessandro	Manzoni Borri, Teresa	Sarzana
1037	Manzoni, Alessandro	Manzoni, Vittoria	Lesa
1038	Manzoni, Alessandro	Manzoni, Pietro Luigi	Lesa
1039	Manzoni, Alessandro	Manzoni Borri, Teresa	Stresa
1040	Manzoni, Alessandro	Manzoni, Pietro Luigi	Milano
1041	Manzoni, Alessandro	Rossi, Francesco	Milano
1042	Manzoni, Alessandro	Manzoni, Vittoria	Milano
1043	Manzoni, Alessandro	Pedro II	Milano
1044	Manzoni, Alessandro	Lucchesi Palli, Ettore	Milano
1048	Manzoni, Alessandro	Rossi, Francesco	Milano
1053	Manzoni, Alessandro	Manzoni, Vittoria	Lesa
1054	Manzoni, Alessandro	Manzoni Borri, Teresa	Stresa
1055	Manzoni, Alessandro	Manzoni Borri, Teresa	Cassolnovo
1056	Manzoni, Alessandro	Manzoni Borri, Teresa	Cassolnovo
1057	Manzoni, Alessandro	Manzoni Borri, Teresa	Cassolnovo
1065	Manzoni, Alessandro	Rosmini, Antonio	Milano
1066	Manzoni, Alessandro	Rosmini, Antonio	Milano
1067	Manzoni, Alessandro	Manzoni, Enrico	Milano
1072	Manzoni, Alessandro	Pedro II	
1073	Manzoni, Alessandro	Dandolo, Tullio	
1074	Manzoni, Alessandro	Contarini, Anna	Milano
1076	Manzoni, Alessandro	Manzoni Borri, Teresa	Arluno
1077	Manzoni, Alessandro	Manzoni Borri, Teresa	Brusuglio
1079	Manzoni, Alessandro	Deputazione Comunale di Mulazzano	Milano
1081	Manzoni, Alessandro	Manzoni Borri, Teresa	Brusuglio
1088	Manzoni, Alessandro	Bonghi, Ruggiero	Milano
1091	Manzoni, Alessandro	Broglio, Emilio	Milano
1098	Manzoni, Alessandro	Manzoni, Enrico	Milano
1102	Manzoni, Alessandro	Azeglio Maumary, Louise Elisabette Marie, d'	Milano
1106	Manzoni, Alessandro	Paoli, Francesco	Milano
1109	Manzoni, Alessandro	Manzoni Borri, Teresa	Stresa
1110	Manzoni, Alessandro	Manzoni Borri, Teresa	Stresa
1111	Manzoni, Alessandro	Manzoni Borri, Teresa	Stresa
1112	Manzoni, Alessandro	Manzoni Borri, Teresa	Stresa
1115	Manzoni, Alessandro	Stampa, Stefano Giuseppe	
1116	Manzoni, Alessandro	Manzoni Borri, Teresa	Stresa
1117	Manzoni, Alessandro	Dandolo, Tullio	
1118	Manzoni, Alessandro	Manzoni, Pietro Luigi	Milano
1124	Manzoni, Alessandro	Pestalozza, Alessandro	Milano
1125	Manzoni, Alessandro	Marsilli, Francesco Antonio	Milano
1128	Manzoni, Alessandro	Manzoni Borri, Teresa	Cassolnovo
1129	Manzoni, Alessandro	Manzoni Borri, Teresa	Cassolnovo
1130	Manzoni, Alessandro	Manzoni Borri, Teresa	Cassolnovo
1131	Manzoni, Alessandro	Manzoni Borri, Teresa	Cassolnovo
1132	Manzoni, Alessandro	Manzoni Borri, Teresa	Cassolnovo
1134	Manzoni, Alessandro	Manzoni Borri, Teresa	Cassolnovo
1136	Manzoni, Alessandro	Sogni, Antonio	Lesa
1137	Manzoni, Alessandro	Manzoni Borri, Teresa	Stresa
1138	Manzoni, Alessandro	Manzoni Borri, Teresa	Stresa
1141	Manzoni, Alessandro	Capretti, Giuseppe	Milano
1150	Manzoni, Alessandro	Comitato per il Monumento a Vittorio Alfieri Asti	Milano
1153	Manzoni, Alessandro	Pogliaghi, Salvatore	
1155	Manzoni, Alessandro	Luti, Emilia	Milano
1159	Manzoni, Alessandro	De Vit, Vincenzo	Milano
1161	Manzoni, Alessandro	Manzoni Borri, Teresa	Cassolnovo
1162	Manzoni, Alessandro	Manzoni Borri, Teresa	Cassolnovo
1163	Manzoni, Alessandro	Manzoni Borri, Teresa	Cassolnovo
1165	Manzoni, Alessandro	Manzoni Borri, Teresa	Cassolnovo
1168	Manzoni, Alessandro	Manzoni Borri, Teresa	Genova
1169	Manzoni, Alessandro	Manzoni Borri, Teresa	Viareggio
1170	Manzoni, Alessandro	Manzoni Borri, Teresa	Viareggio
1171	Manzoni, Alessandro	Manzoni Borri, Teresa	Viareggio
1172	Manzoni, Alessandro	Manzoni Borri, Teresa	Viareggio
1173	Manzoni, Alessandro	Broglio, Emilio	Viareggio
1174	Manzoni, Alessandro	Manzoni Borri, Teresa	Varramista
1175	Manzoni, Alessandro	Broglio, Emilio	Varramista
1176	Manzoni, Alessandro	Manzoni Borri, Teresa	Viareggio
1177	Manzoni, Alessandro	Manzoni Borri, Teresa	Viareggio
1179	Manzoni, Alessandro	Manzoni Borri, Teresa	Genova
1180	Manzoni, Alessandro	Manzoni Borri, Teresa	Milano
1183	Manzoni, Alessandro	Arconati Visconti, Giuseppe	Lesa
1185	Manzoni, Alessandro	Rossi, Francesco	
1195	Manzoni, Alessandro	Manzoni Borri, Teresa	Milano
1196	Manzoni, Alessandro	Pestalozza, Alessandro	Brusuglio
1197	Manzoni, Alessandro	Manzoni Borri, Teresa	Brusuglio
1198	Manzoni, Alessandro	Manzoni Borri, Teresa	Milano
1199	Manzoni, Alessandro	Manzoni Borri, Teresa	Milano
1200	Manzoni, Alessandro	Manzoni Borri, Teresa	Milano
1201	Manzoni, Alessandro	Manzoni Borri, Teresa	Milano
1203	Manzoni, Alessandro	Manzoni Borri, Teresa	Milano
1204	Manzoni, Alessandro	Manzoni Borri, Teresa	Milano
1205	Manzoni, Alessandro	Rossi, Francesco	Milano
1211	Manzoni, Alessandro	Manzoni Borri, Teresa	Dal Noviziato
1212	Manzoni, Alessandro	Manzoni Borri, Teresa	Cassolnovo
1213	Manzoni, Alessandro	Manzoni Borri, Teresa	Cassolnovo
1214	Manzoni, Alessandro	Manzoni Borri, Teresa	Cassolnovo
1215	Manzoni, Alessandro	Manzoni Borri, Teresa	Cassolnovo
1216	Manzoni, Alessandro	Manzoni Borri, Teresa	Cassolnovo
1217	Manzoni, Alessandro	Manzoni Borri, Teresa	Cassolnovo
1219	Manzoni, Alessandro	Trotti Bentivoglio, Giulio	Milano
1227	Manzoni, Alessandro	Manzoni Borri, Teresa	Brusuglio
1228	Manzoni, Alessandro	Manzoni Borri, Teresa	Brusuglio
1229	Manzoni, Alessandro	Manzoni Borri, Teresa	Brusuglio
1230	Manzoni, Alessandro	Manzoni Borri, Teresa	Brusuglio
1231	Manzoni, Alessandro	Stampa, Stefano Giuseppe	Brusuglio
1232	Manzoni, Alessandro	Manzoni Borri, Teresa	Brusuglio
1233	Manzoni, Alessandro	Stampa, Stefano Giuseppe	
1234	Manzoni, Alessandro	Manzoni Borri, Teresa	Brusuglio
1237	Manzoni, Alessandro	Stampa, Stefano Giuseppe	Milano
1243	Manzoni, Alessandro	Istituto Lombardo di Scienze Lettere e Arti	Milano
1247	Manzoni, Alessandro	Cavour, Camillo Benso conte di	Milano
1248	Manzoni, Alessandro	Oytana, Giovanni Battista	Milano
1249	Manzoni, Alessandro	Fresne, Marcellin de	
1251	Manzoni, Alessandro	Manzoni, Enrico	Milano
1257	Manzoni, Alessandro	Manzoni Borri, Teresa	Cassolnovo
1258	Manzoni, Alessandro	Manzoni Borri, Teresa	Cassolnovo
1259	Manzoni, Alessandro	Manzoni Borri, Teresa	Cassolnovo
1266	Manzoni, Alessandro	Ratti, Giulio	
1267	Manzoni, Alessandro	De Gubernatis, Angelo	Milano
1269	Manzoni, Alessandro	Colet, Louise	Milano
1271	Manzoni, Alessandro	Azeglio, Massimo Taparelli d'	Milano
1272	Manzoni, Alessandro	Colet, Louise	
1273	Manzoni, Alessandro	Maffei, Clara	
1277	Manzoni, Alessandro	Maffei, Clara	
1278	Manzoni, Alessandro	Cavour, Camillo Benso conte di	
1282	Manzoni, Alessandro	Maffei, Clara	
1283	Manzoni, Alessandro	Giorgini, Giovanni Battista	Milano
1285	Manzoni, Alessandro	Ratti, Giulio	Milano
1286	Manzoni, Alessandro	Stampa, Stefano Giuseppe	Torino
1287	Manzoni, Alessandro	Manzoni, Pietro Luigi	Torino
1292	Manzoni, Alessandro	Miglio, Saulle	Milano
1293	Manzoni, Alessandro	Manzoni, Enrico	Milano
1295	Manzoni, Alessandro	Panattoni, Giuseppe	Milano
1298	Manzoni, Alessandro	Barbiano di Belgioioso, Carlo	Milano
1299	Manzoni, Alessandro	Breme, Ferdinando Arborio Gattinara di	Milano
1300	Manzoni, Alessandro	Manzoni Borri, Teresa	Torino
1306	Manzoni, Alessandro	Zambrini, Francesco	Milano
1307	Manzoni, Alessandro	Zambrini, Francesco	Milano
1309	Manzoni, Alessandro	Redaelli, Giuseppe	
1311	Manzoni, Alessandro	Rossari, Luigi	
1315	Manzoni, Alessandro	Poggioli, Giuseppe	Milano
1317	Manzoni, Alessandro	Borri, Giuseppe	Brusuglio
1319	Manzoni, Alessandro	Galli, Benedetto	Brusuglio
1320	Manzoni, Alessandro	Il Manzoni. Albo scientifico letterario artistico	Brusuglio
1321	Manzoni, Alessandro	Pestalozza, Alessandro	Brusuglio
1322	Manzoni, Alessandro	Istituto Lombardo di Scienze Lettere e Arti	Milano
1327	Manzoni, Alessandro	De Sterlich, Cesare	Milano
1330	Manzoni, Alessandro	Pallastrelli, Bernardo	Milano
1335	Manzoni, Alessandro	De Vabres, P. J.	Milano
1337	Manzoni, Alessandro	Castillia, Gaetano de	Brusuglio
1338	Manzoni, Alessandro	Rossari, Luigi	Brusuglio
1339	Manzoni, Alessandro	Appiani Strigelli, Giuseppina	Brusuglio
1340	Manzoni, Alessandro	Castillia, Gaetano de	Brusuglio
1341	Manzoni, Alessandro	Goncet, Jean	Milano
1344	Manzoni, Alessandro	Preti Manzoni, Enrichetta	Milano
1346	Manzoni, Alessandro	Accademia Italo Vichiana di Filosofia nazionale di Napoli	Milano
1349	Manzoni, Alessandro	Broglio, Emilio	Milano
1355	Manzoni, Alessandro	Rendu, Eugène	Milano
1356	Manzoni, Alessandro	Maffei, Clara	
1358	Manzoni, Alessandro	Pogliaghi, Salvatore	
1359	Manzoni, Alessandro	De Amicis, Edmondo	Milano
1360	Manzoni, Alessandro	De Amicis, Edmondo	
1365	Manzoni, Alessandro	Gussalli, Antonio	Brusuglio
1367	Manzoni, Alessandro	Arconati Visconti, Costanza	Brusuglio
1368	Manzoni, Alessandro	Manzoni, Pietro Luigi	Cassolnovo
1369	Manzoni, Alessandro	Maffei, Clara	Brusuglio
1370	Manzoni, Alessandro	Avezzana, Giuseppe	Milano
1371	Manzoni, Alessandro	Minnelli, Domenico	Milano
1372	Manzoni, Alessandro	Cattaneo, Samuele	Milano
1374	Manzoni, Alessandro	Martelli, Enrico	Milano
1377	Manzoni, Alessandro	Pericoli, Giovanni Battista	Milano
1378	Manzoni, Alessandro	Stampa, Stefano Giuseppe	Milano
1385	Manzoni, Alessandro	Manzoni, Pietro Luigi	Bologna
1389	Manzoni, Alessandro	Maffei, Clara	Brusuglio
1390	Manzoni, Alessandro	Arconati Visconti, Costanza	Milano
1393	Manzoni, Alessandro	Società degli Amici dell'Istruzione Popolare	
1395	Manzoni, Alessandro	Castillia, Gaetano de	Milano
1397	Manzoni, Alessandro	Nigra, Costantino	Milano
1398	Manzoni, Alessandro	Pisanelli, Giuseppe	Milano
1401	Manzoni, Alessandro	Padiglione, Carlo	Milano
1402	Manzoni, Alessandro	Lockhart, Janes	
1406	Manzoni, Alessandro	Rossari, Luigi	Brusuglio
1407	Manzoni, Alessandro	Manzoni, Enrico	Brusuglio
1408	Manzoni, Alessandro	Manzoni, Filippo	Brusuglio
1410	Manzoni, Alessandro	Bonavino, Cristoforo	Brusuglio
1413	Manzoni, Alessandro	Fresne, Marcellin de	Milano
1418	Manzoni, Alessandro	Ratti, Giulio	
1422	Manzoni, Alessandro	Ratti, Giulio	Milano
1426	Manzoni, Alessandro	Bonaparte, Gerolamo	Milano
1427	Manzoni, Alessandro	Maffei, Clara	Milano
1428	Manzoni, Alessandro	Martin, Henri	Milano
1431	Manzoni, Alessandro	Cantù, Cesare	Milano
1432	Manzoni, Alessandro	Borgomanero Myra, Giulia	Milano
1434	Manzoni, Alessandro	Longoni, Luigi	Brusuglio
1435	Manzoni, Alessandro	Longoni, Luigi	Brusuglio
1436	Manzoni, Alessandro	Longoni, Luigi	Brusuglio
1437	Manzoni, Alessandro	Questura del Senato	Milano
1441	Manzoni, Alessandro	Stampa, Stefano Giuseppe	Milano
1442	Manzoni, Alessandro	Acri, Francesco	Milano
1443	Manzoni, Alessandro	Tarra, Giulio	Milano
1444	Manzoni, Alessandro	Corbella, Ambrogio	Milano
1449	Manzoni, Alessandro	Broglio, Emilio	Milano
1451	Manzoni, Alessandro	Broglio, Emilio	Milano
1460	Manzoni, Alessandro	Broglio, Emilio	Milano
1461	Manzoni, Alessandro	Fanfani, Pietro	Milano
1466	Manzoni, Alessandro	Casati, Gabrio	Milano
1471	Manzoni, Alessandro	Broglio, Emilio	Milano
1472	Manzoni, Alessandro	Broglio, Emilio	Milano
1473	Manzoni, Alessandro	Broglio, Emilio	Milano
1474	Manzoni, Alessandro	Broglio, Emilio	Milano
1475	Manzoni, Alessandro	Rossari, Luigi	Brusuglio
1476	Manzoni, Alessandro	Turchi, Pietro	Brusuglio
1478	Manzoni, Alessandro	Broglio, Emilio	Brusuglio
1480	Manzoni, Alessandro	Giorgini, Giovanni Battista	Brusuglio
1482	Manzoni, Alessandro	Codemo, Luigia	Milano
1483	Manzoni, Alessandro	Broglio, Emilio	Milano
1485	Manzoni, Alessandro	Non identificato	Milano
1499	Manzoni, Alessandro	Guidicini, Ferdinando	
1502	Manzoni, Alessandro	Borri, Giuseppe	Brusuglio
1503	Manzoni, Alessandro	Codemo, Luigia	Brusuglio
1505	Manzoni, Alessandro	Stampa, Stefano Giuseppe	Brusuglio
1507	Manzoni, Alessandro	Lambruschini, Raffaello	Brusuglio
1511	Manzoni, Alessandro	Pedro II	
1517	Manzoni, Alessandro	Umberto di Savoia	Milano
1518	Manzoni, Alessandro	Stampa, Stefano Giuseppe	Milano
1528	Manzoni, Alessandro	Minervini, Francesco	Milano
1531	Manzoni, Alessandro	Società promotrice per l'incremento del Teatro Comico in Italia	Milano
1533	Manzoni, Alessandro	Collegio di Merate	Milano
1535	Manzoni, Alessandro	Della Valle, Alfonso	Milano
1542	Manzoni, Alessandro	Pedro II	
1543	Manzoni, Alessandro	Pedro II	
1548	Manzoni, Alessandro	Pedro II	
1549	Manzoni, Alessandro	Biblioteca Popolare A. Manzoni	Milano
1551	Manzoni, Alessandro	Corriere di Milano	
1553	Manzoni, Alessandro	Cocchetti, Carlo	Milano
1554	Manzoni, Alessandro	Giorgini, Giovanni Battista	Milano
1559	Manzoni, Alessandro	Sindaco di Roma	Brusuglio
1565	Manzoni, Alessandro	Cocchetti, Carlo	Milano
1566	Manzoni, Alessandro	Tarra, Giulio	Brusuglio
1568	Manzoni, Alessandro	Favari, Francesco	
1570	Manzoni, Alessandro	Perez, Paolo	Brusuglio
1577	Manzoni, Alessandro	Pedro II	Milano
1579	Manzoni, Alessandro	Agodino, Pio Celestino	
1580	Manzoni, Alessandro	Agodino, Pio Celestino	
1584	Manzoni, Alessandro	Azeglio Maumary, Louise Elisabette Marie, d'	Milano
1586	Manzoni, Alessandro	Beccaria, Giacomo	
1587	Manzoni, Alessandro	Beccaria, Giacomo	
1588	Manzoni, Alessandro	Beccaria, Giacomo	
1590	Manzoni, Alessandro	Beccaria, Giacomo	
1591	Manzoni, Alessandro	Beccaria, Giacomo	
1629	Manzoni, Alessandro	Cattaneo, Gaetano	Brusuglio
1630	Manzoni, Alessandro	Cattaneo, Gaetano	
1631	Manzoni, Alessandro	Cattaneo, Gaetano	Milano
1632	Manzoni, Alessandro	Cattaneo, Gaetano	Milano
1633	Manzoni, Alessandro	Cattaneo, Gaetano	
1634	Manzoni, Alessandro	Cattaneo, Gaetano	Milano
1635	Manzoni, Alessandro	Cattaneo, Gaetano	Brusuglio
1636	Manzoni, Alessandro	Cattaneo, Gaetano	
1637	Manzoni, Alessandro	Cattaneo, Gaetano	
1638	Manzoni, Alessandro	Cattaneo, Gaetano	
1639	Manzoni, Alessandro	Cattaneo, Gaetano	Milano
1640	Manzoni, Alessandro	Cattaneo, Gaetano	
1641	Manzoni, Alessandro	Cattaneo, Gaetano	
1642	Manzoni, Alessandro	Cattaneo, Gaetano	
1643	Manzoni, Alessandro	Cattaneo, Gaetano	Milano
1644	Manzoni, Alessandro	Cattaneo, Gaetano	
1645	Manzoni, Alessandro	Cattaneo, Gaetano	
1646	Manzoni, Alessandro	Cattaneo, Gaetano	Brusuglio
1647	Manzoni, Alessandro	Cattaneo, Gaetano	
1648	Manzoni, Alessandro	Cattaneo, Gaetano	
1649	Manzoni, Alessandro	Cattaneo, Gaetano	Brusuglio
1650	Manzoni, Alessandro	Rossi, Francesco	Milano
1651	Manzoni, Alessandro	Cattaneo, Gaetano	Milano
1652	Manzoni, Alessandro	Cattaneo, Gaetano	
1654	Manzoni, Alessandro	Cattaneo, Gaetano	
1655	Manzoni, Alessandro	Cattaneo, Gaetano	
1660	Manzoni, Alessandro	De Vit, Vincenzo	
1662	Manzoni, Alessandro	Ferrario, Vincenzo	
1663	Manzoni, Alessandro	Frapolli, Cesare	
1664	Manzoni, Alessandro	Frisiani, Paolo	
1665	Manzoni, Alessandro	Giudici, Gaetano	
1667	Manzoni, Alessandro	Grossi, Tommaso	
1668	Manzoni, Alessandro	Grossi, Tommaso	Brusuglio
1671	Manzoni, Alessandro	Grossi, Tommaso	
1673	Manzoni, Alessandro	Grossi, Tommaso	Brusuglio
1674	Manzoni, Alessandro	Grossi, Tommaso	
1675	Manzoni, Alessandro	Grossi, Tommaso	
1680	Manzoni, Alessandro	Grossi, Tommaso	Brusuglio
1681	Manzoni, Alessandro	Gussalli, Antonio	
1684	Manzoni, Alessandro	Gussalli, Antonio	
1691	Manzoni, Alessandro	Manzoni, Pietro Luigi	Lesa
1692	Manzoni, Alessandro	Manzoni, Pietro Luigi	
1693	Manzoni, Alessandro	Manzoni, Pietro Luigi	Lesa
1695	Manzoni, Alessandro	Manzoni, Pietro Luigi	Milano
1699	Manzoni, Alessandro	Manzoni, Pietro Luigi	
1702	Manzoni, Alessandro	Manzoni, Pietro Luigi	Lesa
1706	Manzoni, Alessandro	Mojon Milesi, Bianca	
1707	Manzoni, Alessandro	Non identificato	
1711	Manzoni, Alessandro	Rossari, Luigi	
1712	Manzoni, Alessandro	Rossari, Luigi	
1713	Manzoni, Alessandro	Rossari, Luigi	
1714	Manzoni, Alessandro	Rossari, Luigi	
1715	Manzoni, Alessandro	Rossari, Luigi	
1716	Manzoni, Alessandro	Rossari, Luigi	
1717	Manzoni, Alessandro	Rossari, Luigi	
1718	Manzoni, Alessandro	Rossari, Luigi	
1719	Manzoni, Alessandro	Rossari, Luigi	
1720	Manzoni, Alessandro	Rossari, Luigi	
1721	Manzoni, Alessandro	Rossari, Luigi	
1722	Manzoni, Alessandro	Rossari, Luigi	
1723	Manzoni, Alessandro	Rossari, Luigi	
1725	Manzoni, Alessandro	Rossari, Luigi	
1726	Manzoni, Alessandro	Rossari, Luigi	
1727	Manzoni, Alessandro	Rossari, Luigi	
1728	Manzoni, Alessandro	Rossari, Luigi	
1729	Manzoni, Alessandro	Rossi, Francesco	Milano
1730	Manzoni, Alessandro	Rossi, Francesco	Milano
1731	Manzoni, Alessandro	Rossi, Francesco	Milano
1733	Manzoni, Alessandro	Rossi, Francesco	Milano
1734	Manzoni, Alessandro	Rossi, Francesco	Milano
1735	Manzoni, Alessandro	Rossi, Francesco	Milano
1736	Manzoni, Alessandro	Rossi, Francesco	Milano
1739	Manzoni, Alessandro	Rossi, Francesco	Brusuglio
1740	Manzoni, Alessandro	Rossi, Francesco	
1741	Manzoni, Alessandro	Rossi, Francesco	Milano
1742	Manzoni, Alessandro	Rossi, Francesco	
1743	Manzoni, Alessandro	Rossi, Francesco	Milano
1744	Manzoni, Alessandro	Rossi, Francesco	Milano
1745	Manzoni, Alessandro	Rossi, Francesco	Milano
1746	Manzoni, Alessandro	Rossi, Francesco	Milano
1747	Manzoni, Alessandro	Cattaneo, Gaetano	Milano
1748	Manzoni, Alessandro	Stampa, Stefano Giuseppe	
1750	Manzoni, Alessandro	Tommaseo, Niccolò	Milano
1751	Manzoni, Alessandro	Trechi, Sigismondo	
1753	Manzoni, Alessandro	Trechi, Sigismondo	
1754	Manzoni, Alessandro	Trechi, Sigismondo	
1768	Manzoni, Alessandro	Luti, Emilia	
1770	Manzoni, Alessandro	Luti, Emilia	Milano
1771	Manzoni, Alessandro	Luti, Emilia	Milano
1772	Manzoni, Alessandro	Luti, Emilia	Milano
1773	Manzoni, Alessandro	Luti, Emilia	Milano
1774	Manzoni, Alessandro	Luti, Emilia	Milano
1775	Manzoni, Alessandro	Luti, Emilia	Milano
1778	Manzoni, Alessandro	Giussani, Francesco	Milano
1788	Manzoni, Alessandro	Redaelli, Giuseppe; Guglielmini, Vincenzo	Milano
1789	Manzoni, Alessandro	Redaelli, Giuseppe; Guglielmini, Vincenzo	Milano
1791	Manzoni, Alessandro	F.lli Baroggi, Frigerio e Comp.	Milano
1792	Manzoni, Alessandro	Guglielmini, Vincenzo	
1793	Manzoni, Alessandro	F.lli Baroggi, Frigerio e Comp.	Milano
1794	Manzoni, Alessandro	Stampa, Stefano Giuseppe	Milano
1798	Manzoni, Alessandro	Caremoli, Giovanni	Milano
1801	Manzoni, Alessandro	Redaelli, Giuseppe	Milano
1807	Manzoni, Alessandro	Boschetti, Luigi	Milano
1811	Manzoni, Alessandro	Reale Biblioteca di Brera	Milano
1812	Manzoni, Alessandro	Biblioteca Nazionale Braidense	Milano
1813	Manzoni, Alessandro	Maderna, Achille	Brusuglio
1818	Manzoni, Alessandro	Zardetti, Carlo	Milano
1821	Manzoni, Alessandro	Grossi, Tommaso	Brusuglio
1826	Manzoni, Alessandro	Saluzzo Roero, Diodata	Milano
1827	Manzoni, Alessandro	Pecchio, Luigi	Brusuglio
1831	Manzoni, Alessandro	Montalembert, Charles Forbes de	Milano
1832	Manzoni, Alessandro	Grossi, Tommaso	Milano
1833	Manzoni, Alessandro	Collegno, Giacinto Provana di	Milano
1834	Manzoni, Alessandro	Pecchio, Luigi	Brusuglio
1836	Manzoni, Alessandro	Manzoni, Sofia	
1837	Manzoni, Alessandro	Manzoni, Sofia	Milano
1838	Manzoni, Alessandro	Manzoni, Sofia	Milano
1842	Manzoni, Alessandro	Manzoni, Sofia	Lesa
1845	Manzoni, Alessandro	Manzoni, Pietro Luigi	Lesa
1848	Manzoni, Alessandro	Bonghi, Ruggiero	Milano
1850	Manzoni, Alessandro	Manzoni, Pietro Luigi	Lesa
1851	Manzoni, Alessandro	Trotti Bentivoglio, Lodovico	Milano
1856	Manzoni, Alessandro	Miglio, Saulle	Milano
1861	Manzoni, Alessandro	Cattaneo, Gaetano	
1862	Manzoni, Alessandro	Non identificato	
1864	Manzoni, Alessandro	Non identificato	Milano
1870	Manzoni, Alessandro	Petracchi, Angelo	Brusuglio
1878	Manzoni, Alessandro	Manzoni, Vittoria	Massarosa
1879	Manzoni, Alessandro	Giorgini, Giovanni Battista	Milano
1882	Manzoni, Alessandro	Azeglio Maumary, Louise Elisabette Marie, d'	Milano
1885	Manzoni, Alessandro	Arconati Visconti, Costanza	Milano
1886	Manzoni, Alessandro	Panattoni, Giuseppe	Milano
1892	Manzoni, Alessandro	Moltedo, Francesco Tranquillino	Milano
1893	Manzoni, Alessandro	Cattaneo, Gaetano	Milano
1896	Manzoni, Alessandro	Rossi, Francesco	Milano
1897	Manzoni, Alessandro	Rossi, Francesco	Milano
1906	Manzoni, Alessandro	Bocca, Giuseppe	Milano
1916	Manzoni, Alessandro	Mojon Milesi, Bianca	Milano
1918	Manzoni, Alessandro	F.lli Baroggi, Frigerio e Comp.	Milano
1919	Manzoni, Alessandro	Litta Modignani, Luigi Vitaliano	Milano
1920	Manzoni, Alessandro	Litta Modignani, Lorenzo	Milano
1922	Manzoni, Alessandro	Rosmini, Antonio	Milano
1924	Manzoni, Alessandro	Gonin, Francesco	Milano
1927	Manzoni, Alessandro	Mauri, Achille	Milano
1942	Manzoni, Alessandro	Manzoni, Pietro Luigi	Lesa
1945	Manzoni, Alessandro	Manzoni, Pietro Luigi	Lesa
1950	Manzoni, Alessandro	Rossi, Francesco	Milano
1952	Manzoni, Alessandro	Giorgini, Giovanni Battista	Milano
1954	Manzoni, Alessandro	Torelli, Luigi	Milano
1957	Manzoni, Alessandro	Botta, Vincenzo	Milano
1960	Manzoni, Alessandro	Ratti, Giulio	Milano
1963	Manzoni, Alessandro	Blondel, Adélaïde	
1968	Manzoni, Alessandro	Cattaneo, Gaetano	Milano
1969	Manzoni, Alessandro	Sogni, Antonio	
1970	Manzoni, Alessandro	Manzoni, Pietro Luigi	Brusuglio
1971	Manzoni, Alessandro	Bonghi, Ruggiero	
